zero_index,gamma,p_ext,P_int,E,standard_mass_equivalent,equivalence_error,standard_KG_E
1,14.134725141734695,-30.0,14.134725141734695,33.16308874083334,14.134725141734695,0.0,33.16308874083334
1,14.134725141734695,-29.4,14.134725141734695,32.62131902349117,14.134725141734695,0.0,32.62131902349117
1,14.134725141734695,-28.8,14.134725141734695,32.08162176125744,14.134725141734695,0.0,32.08162176125744
1,14.134725141734695,-28.2,14.134725141734695,31.544103329027866,14.134725141734695,0.0,31.544103329027866
1,14.134725141734695,-27.6,14.134725141734695,31.008877032752846,14.134725141734695,0.0,31.008877032752846
1,14.134725141734695,-27.0,14.134725141734695,30.476063637425142,14.134725141734695,0.0,30.476063637425142
1,14.134725141734695,-26.4,14.134725141734695,29.945791938641175,14.134725141734695,0.0,29.945791938641175
1,14.134725141734695,-25.8,14.134725141734695,29.418199381205962,14.134725141734695,0.0,29.418199381205962
1,14.134725141734695,-25.2,14.134725141734695,28.893432728431332,14.134725141734695,0.0,28.893432728431332
1,14.134725141734695,-24.6,14.134725141734695,28.371648785933942,14.134725141734695,0.0,28.371648785933942
1,14.134725141734695,-24.0,14.134725141734695,27.85301518386092,14.134725141734695,0.0,27.85301518386092
1,14.134725141734695,-23.4,14.134725141734695,27.337711221541333,14.134725141734695,0.0,27.337711221541333
1,14.134725141734695,-22.8,14.134725141734695,26.825928778560247,14.134725141734695,0.0,26.825928778560247
1,14.134725141734695,-22.2,14.134725141734695,26.31787329615345,14.134725141734695,0.0,26.31787329615345
1,14.134725141734695,-21.6,14.134725141734695,25.813764832592454,14.134725141734695,0.0,25.813764832592454
1,14.134725141734695,-21.0,14.134725141734695,25.31383919583094,14.134725141734695,0.0,25.31383919583094
1,14.134725141734695,-20.4,14.134725141734695,24.818349156065697,14.134725141734695,0.0,24.818349156065697
1,14.134725141734695,-19.8,14.134725141734695,24.3275657399664,14.134725141734695,0.0,24.3275657399664
1,14.134725141734695,-19.200000000000003,14.134725141734695,23.84177960707604,14.134725141734695,0.0,23.84177960707604
1,14.134725141734695,-18.6,14.134725141734695,23.361302507188825,14.134725141734695,0.0,23.361302507188825
1,14.134725141734695,-18.0,14.134725141734695,22.886468815271325,14.134725141734695,0.0,22.886468815271325
1,14.134725141734695,-17.4,14.134725141734695,22.41763713758403,14.134725141734695,0.0,22.41763713758403
1,14.134725141734695,-16.8,14.134725141734695,21.955191978946278,14.134725141734695,0.0,21.955191978946278
1,14.134725141734695,-16.200000000000003,14.134725141734695,21.499545456413422,14.134725141734695,0.0,21.499545456413422
1,14.134725141734695,-15.600000000000001,14.134725141734695,21.05113903883557,14.134725141734695,0.0,21.05113903883557
1,14.134725141734695,-15.0,14.134725141734695,20.61044528467027,14.134725141734695,0.0,20.61044528467027
1,14.134725141734695,-14.4,14.134725141734695,20.17796954186389,14.134725141734695,0.0,20.17796954186389
1,14.134725141734695,-13.8,14.134725141734695,19.7542515634581,14.134725141734695,0.0,19.7542515634581
1,14.134725141734695,-13.2,14.134725141734695,19.339866980731458,14.134725141734695,0.0,19.339866980731458
1,14.134725141734695,-12.600000000000001,14.134725141734695,18.935428562152662,14.134725141734695,0.0,18.935428562152662
1,14.134725141734695,-12.0,14.134725141734695,18.541587171339646,14.134725141734695,0.0,18.541587171339646
1,14.134725141734695,-11.400000000000002,14.134725141734695,18.159032320924673,14.134725141734695,0.0,18.159032320924673
1,14.134725141734695,-10.8,14.134725141734695,17.78849220233089,14.134725141734695,0.0,17.78849220233089
1,14.134725141734695,-10.2,14.134725141734695,17.430733054934517,14.134725141734695,0.0,17.430733054934517
1,14.134725141734695,-9.600000000000001,14.134725141734695,17.086557723321185,14.134725141734695,0.0,17.086557723321185
1,14.134725141734695,-9.0,14.134725141734695,16.75680324024803,14.134725141734695,0.0,16.75680324024803
1,14.134725141734695,-8.400000000000002,14.134725141734695,16.442337267930824,14.134725141734695,0.0,16.442337267930824
1,14.134725141734695,-7.800000000000001,14.134725141734695,16.144053234314697,14.134725141734695,0.0,16.144053234314697
1,14.134725141734695,-7.199999999999999,14.134725141734695,15.862864017332647,14.134725141734695,0.0,15.862864017332647
1,14.134725141734695,-6.600000000000001,14.134725141734695,15.59969406214067,14.134725141734695,0.0,15.59969406214067
1,14.134725141734695,-6.0,14.134725141734695,15.355469866871116,14.134725141734695,0.0,15.355469866871116
1,14.134725141734695,-5.400000000000002,14.134725141734695,15.131108843451853,14.134725141734695,0.0,15.131108843451853
1,14.134725141734695,-4.800000000000001,14.134725141734695,14.92750665156063,14.134725141734695,0.0,14.92750665156063
1,14.134725141734695,-4.199999999999999,14.134725141734695,14.745523213246347,14.134725141734695,0.0,14.745523213246347
1,14.134725141734695,-3.6000000000000014,14.134725141734695,14.585967737259907,14.134725141734695,0.0,14.585967737259907
1,14.134725141734695,-3.0,14.134725141734695,14.449583206182346,14.134725141734695,0.0,14.449583206182346
1,14.134725141734695,-2.400000000000002,14.134725141734695,14.337030893193573,14.134725141734695,0.0,14.337030893193573
1,14.134725141734695,-1.8000000000000007,14.134725141734695,14.248875563790529,14.134725141734695,0.0,14.248875563790529
1,14.134725141734695,-1.2000000000000028,14.134725141734695,14.185572065742956,14.134725141734695,0.0,14.185572065742956
1,14.134725141734695,-0.6000000000000014,14.134725141734695,14.14745400531088,14.134725141734695,0.0,14.14745400531088
1,14.134725141734695,0.0,14.134725141734695,14.134725141734695,14.134725141734695,0.0,14.134725141734695
1,14.134725141734695,0.5999999999999979,14.134725141734695,14.14745400531088,14.134725141734695,0.0,14.14745400531088
1,14.134725141734695,1.1999999999999993,14.134725141734695,14.185572065742956,14.134725141734695,0.0,14.185572065742956
1,14.134725141734695,1.7999999999999972,14.134725141734695,14.248875563790529,14.134725141734695,0.0,14.248875563790529
1,14.134725141734695,2.3999999999999986,14.134725141734695,14.337030893193571,14.134725141734695,0.0,14.337030893193571
1,14.134725141734695,3.0,14.134725141734695,14.449583206182346,14.134725141734695,0.0,14.449583206182346
1,14.134725141734695,3.6000000000000014,14.134725141734695,14.585967737259907,14.134725141734695,0.0,14.585967737259907
1,14.134725141734695,4.199999999999996,14.134725141734695,14.745523213246345,14.134725141734695,0.0,14.745523213246345
1,14.134725141734695,4.799999999999997,14.134725141734695,14.927506651560629,14.134725141734695,0.0,14.927506651560629
1,14.134725141734695,5.399999999999999,14.134725141734695,15.131108843451853,14.134725141734695,0.0,15.131108843451853
1,14.134725141734695,6.0,14.134725141734695,15.355469866871116,14.134725141734695,0.0,15.355469866871116
1,14.134725141734695,6.600000000000001,14.134725141734695,15.59969406214067,14.134725141734695,0.0,15.59969406214067
1,14.134725141734695,7.199999999999996,14.134725141734695,15.862864017332646,14.134725141734695,0.0,15.862864017332646
1,14.134725141734695,7.799999999999997,14.134725141734695,16.144053234314697,14.134725141734695,0.0,16.144053234314697
1,14.134725141734695,8.399999999999999,14.134725141734695,16.442337267930824,14.134725141734695,0.0,16.442337267930824
1,14.134725141734695,9.0,14.134725141734695,16.75680324024803,14.134725141734695,0.0,16.75680324024803
1,14.134725141734695,9.600000000000001,14.134725141734695,17.086557723321185,14.134725141734695,0.0,17.086557723321185
1,14.134725141734695,10.199999999999996,14.134725141734695,17.430733054934514,14.134725141734695,0.0,17.430733054934514
1,14.134725141734695,10.799999999999997,14.134725141734695,17.78849220233089,14.134725141734695,0.0,17.78849220233089
1,14.134725141734695,11.399999999999999,14.134725141734695,18.15903232092467,14.134725141734695,0.0,18.15903232092467
1,14.134725141734695,12.0,14.134725141734695,18.541587171339646,14.134725141734695,0.0,18.541587171339646
1,14.134725141734695,12.600000000000001,14.134725141734695,18.935428562152662,14.134725141734695,0.0,18.935428562152662
1,14.134725141734695,13.199999999999996,14.134725141734695,19.339866980731454,14.134725141734695,0.0,19.339866980731454
1,14.134725141734695,13.799999999999997,14.134725141734695,19.7542515634581,14.134725141734695,0.0,19.7542515634581
1,14.134725141734695,14.399999999999999,14.134725141734695,20.177969541863888,14.134725141734695,0.0,20.177969541863888
1,14.134725141734695,15.0,14.134725141734695,20.61044528467027,14.134725141734695,0.0,20.61044528467027
1,14.134725141734695,15.600000000000001,14.134725141734695,21.05113903883557,14.134725141734695,0.0,21.05113903883557
1,14.134725141734695,16.199999999999996,14.134725141734695,21.499545456413415,14.134725141734695,0.0,21.499545456413415
1,14.134725141734695,16.799999999999997,14.134725141734695,21.955191978946274,14.134725141734695,0.0,21.955191978946274
1,14.134725141734695,17.4,14.134725141734695,22.41763713758403,14.134725141734695,0.0,22.41763713758403
1,14.134725141734695,18.0,14.134725141734695,22.886468815271325,14.134725141734695,0.0,22.886468815271325
1,14.134725141734695,18.6,14.134725141734695,23.361302507188825,14.134725141734695,0.0,23.361302507188825
1,14.134725141734695,19.199999999999996,14.134725141734695,23.841779607076035,14.134725141734695,0.0,23.841779607076035
1,14.134725141734695,19.799999999999997,14.134725141734695,24.327565739966396,14.134725141734695,0.0,24.327565739966396
1,14.134725141734695,20.4,14.134725141734695,24.818349156065697,14.134725141734695,0.0,24.818349156065697
1,14.134725141734695,21.0,14.134725141734695,25.31383919583094,14.134725141734695,0.0,25.31383919583094
1,14.134725141734695,21.6,14.134725141734695,25.813764832592454,14.134725141734695,0.0,25.813764832592454
1,14.134725141734695,22.199999999999996,14.134725141734695,26.317873296153447,14.134725141734695,0.0,26.317873296153447
1,14.134725141734695,22.799999999999997,14.134725141734695,26.825928778560247,14.134725141734695,0.0,26.825928778560247
1,14.134725141734695,23.4,14.134725141734695,27.337711221541333,14.134725141734695,0.0,27.337711221541333
1,14.134725141734695,24.0,14.134725141734695,27.85301518386092,14.134725141734695,0.0,27.85301518386092
1,14.134725141734695,24.6,14.134725141734695,28.371648785933942,14.134725141734695,0.0,28.371648785933942
1,14.134725141734695,25.199999999999996,14.134725141734695,28.89343272843133,14.134725141734695,0.0,28.89343272843133
1,14.134725141734695,25.799999999999997,14.134725141734695,29.418199381205962,14.134725141734695,0.0,29.418199381205962
1,14.134725141734695,26.4,14.134725141734695,29.945791938641175,14.134725141734695,0.0,29.945791938641175
1,14.134725141734695,27.0,14.134725141734695,30.476063637425142,14.134725141734695,0.0,30.476063637425142
1,14.134725141734695,27.599999999999994,14.134725141734695,31.00887703275284,14.134725141734695,0.0,31.00887703275284
1,14.134725141734695,28.199999999999996,14.134725141734695,31.544103329027863,14.134725141734695,0.0,31.544103329027863
1,14.134725141734695,28.799999999999997,14.134725141734695,32.08162176125744,14.134725141734695,0.0,32.08162176125744
1,14.134725141734695,29.4,14.134725141734695,32.62131902349117,14.134725141734695,0.0,32.62131902349117
1,14.134725141734695,30.0,14.134725141734695,33.16308874083334,14.134725141734695,0.0,33.16308874083334
2,21.022039638771556,-30.0,21.022039638771556,36.63231019979606,21.022039638771556,0.0,36.63231019979606
2,21.022039638771556,-29.4,21.022039638771556,36.14258085104165,21.022039638771556,0.0,36.14258085104165
2,21.022039638771556,-28.8,21.022039638771556,35.65622176526956,21.022039638771556,0.0,35.65622176526956
2,21.022039638771556,-28.2,21.022039638771556,35.173372749483136,21.022039638771556,0.0,35.173372749483136
2,21.022039638771556,-27.6,21.022039638771556,34.69418035599173,21.022039638771556,0.0,34.69418035599173
2,21.022039638771556,-27.0,21.022039638771556,34.2187982047015,21.022039638771556,0.0,34.2187982047015
2,21.022039638771556,-26.4,21.022039638771556,33.74738731478457,21.022039638771556,0.0,33.74738731478457
2,21.022039638771556,-25.8,21.022039638771556,33.2801164447194,21.022039638771556,0.0,33.2801164447194
2,21.022039638771556,-25.2,21.022039638771556,32.81716243940178,21.022039638771556,0.0,32.81716243940178
2,21.022039638771556,-24.6,21.022039638771556,32.35871058268674,21.022039638771556,0.0,32.35871058268674
2,21.022039638771556,-24.0,21.022039638771556,31.904954953331035,21.022039638771556,0.0,31.904954953331035
2,21.022039638771556,-23.4,21.022039638771556,31.45609878185918,21.022039638771556,0.0,31.45609878185918
2,21.022039638771556,-22.8,21.022039638771556,31.01235480536882,21.022039638771556,0.0,31.01235480536882
2,21.022039638771556,-22.2,21.022039638771556,30.573945616718863,21.022039638771556,0.0,30.573945616718863
2,21.022039638771556,-21.6,21.022039638771556,30.141104003902754,21.022039638771556,0.0,30.141104003902754
2,21.022039638771556,-21.0,21.022039638771556,29.714073274697338,21.022039638771556,0.0,29.714073274697338
2,21.022039638771556,-20.4,21.022039638771556,29.29310756089361,21.022039638771556,0.0,29.29310756089361
2,21.022039638771556,-19.8,21.022039638771556,28.878472095560777,21.022039638771556,0.0,28.878472095560777
2,21.022039638771556,-19.200000000000003,21.022039638771556,28.47044345587337,21.022039638771556,0.0,28.47044345587337
2,21.022039638771556,-18.6,21.022039638771556,28.06930976305051,21.022039638771556,0.0,28.06930976305051
2,21.022039638771556,-18.0,21.022039638771556,27.67537082992896,21.022039638771556,0.0,27.67537082992896
2,21.022039638771556,-17.4,21.022039638771556,27.288938245635034,21.022039638771556,0.0,27.288938245635034
2,21.022039638771556,-16.8,21.022039638771556,26.91033538575992,21.022039638771556,0.0,26.91033538575992
2,21.022039638771556,-16.200000000000003,21.022039638771556,26.53989733540962,21.022039638771556,0.0,26.53989733540962
2,21.022039638771556,-15.600000000000001,21.022039638771556,26.17797071153688,21.022039638771556,0.0,26.17797071153688
2,21.022039638771556,-15.0,21.022039638771556,25.824913370117674,21.022039638771556,0.0,25.824913370117674
2,21.022039638771556,-14.4,21.022039638771556,25.481093983070714,21.022039638771556,0.0,25.481093983070714
2,21.022039638771556,-13.8,21.022039638771556,25.146891469405965,21.022039638771556,0.0,25.146891469405965
2,21.022039638771556,-13.2,21.022039638771556,24.822694265008433,21.022039638771556,0.0,24.822694265008433
2,21.022039638771556,-12.600000000000001,21.022039638771556,24.508899415805733,21.022039638771556,0.0,24.508899415805733
2,21.022039638771556,-12.0,21.022039638771556,24.20591147992743,21.022039638771556,0.0,24.20591147992743
2,21.022039638771556,-11.400000000000002,21.022039638771556,23.91414122593748,21.022039638771556,0.0,23.91414122593748
2,21.022039638771556,-10.8,21.022039638771556,23.634004116401492,21.022039638771556,0.0,23.634004116401492
2,21.022039638771556,-10.2,21.022039638771556,23.36591856902019,21.022039638771556,0.0,23.36591856902019
2,21.022039638771556,-9.600000000000001,21.022039638771556,23.110303991381908,21.022039638771556,0.0,23.110303991381908
2,21.022039638771556,-9.0,21.022039638771556,22.867578590093064,21.022039638771556,0.0,22.867578590093064
2,21.022039638771556,-8.400000000000002,21.022039638771556,22.63815696062916,21.022039638771556,0.0,22.63815696062916
2,21.022039638771556,-7.800000000000001,21.022039638771556,22.422447470650535,21.022039638771556,0.0,22.422447470650535
2,21.022039638771556,-7.199999999999999,21.022039638771556,22.220849456627047,21.022039638771556,0.0,22.220849456627047
2,21.022039638771556,-6.600000000000001,21.022039638771556,22.033750261226132,21.022039638771556,0.0,22.033750261226132
2,21.022039638771556,-6.0,21.022039638771556,21.8615221467784,21.022039638771556,0.0,21.8615221467784
2,21.022039638771556,-5.400000000000002,21.022039638771556,21.704519127916253,21.022039638771556,0.0,21.704519127916253
2,21.022039638771556,-4.800000000000001,21.022039638771556,21.563073773794,21.022039638771556,0.0,21.563073773794
2,21.022039638771556,-4.199999999999999,21.022039638771556,21.437494036712465,21.022039638771556,0.0,21.437494036712465
2,21.022039638771556,-3.6000000000000014,21.022039638771556,21.328060169037467,21.022039638771556,0.0,21.328060169037467
2,21.022039638771556,-3.0,21.022039638771556,21.235021793586238,21.022039638771556,0.0,21.235021793586238
2,21.022039638771556,-2.400000000000002,21.022039638771556,21.15859519377604,21.022039638771556,0.0,21.15859519377604
2,21.022039638771556,-1.8000000000000007,21.022039638771556,21.098960888491227,21.022039638771556,0.0,21.098960888491227
2,21.022039638771556,-1.2000000000000028,21.022039638771556,21.0562615526613,21.022039638771556,0.0,21.0562615526613
2,21.022039638771556,-0.6000000000000014,21.022039638771556,21.03060033793811,21.022039638771556,0.0,21.03060033793811
2,21.022039638771556,0.0,21.022039638771556,21.022039638771556,21.022039638771556,0.0,21.022039638771556
2,21.022039638771556,0.5999999999999979,21.022039638771556,21.03060033793811,21.022039638771556,0.0,21.03060033793811
2,21.022039638771556,1.1999999999999993,21.022039638771556,21.0562615526613,21.022039638771556,0.0,21.0562615526613
2,21.022039638771556,1.7999999999999972,21.022039638771556,21.098960888491227,21.022039638771556,0.0,21.098960888491227
2,21.022039638771556,2.3999999999999986,21.022039638771556,21.15859519377604,21.022039638771556,0.0,21.15859519377604
2,21.022039638771556,3.0,21.022039638771556,21.235021793586238,21.022039638771556,0.0,21.235021793586238
2,21.022039638771556,3.6000000000000014,21.022039638771556,21.328060169037467,21.022039638771556,0.0,21.328060169037467
2,21.022039638771556,4.199999999999996,21.022039638771556,21.437494036712465,21.022039638771556,0.0,21.437494036712465
2,21.022039638771556,4.799999999999997,21.022039638771556,21.563073773794,21.022039638771556,0.0,21.563073773794
2,21.022039638771556,5.399999999999999,21.022039638771556,21.704519127916253,21.022039638771556,0.0,21.704519127916253
2,21.022039638771556,6.0,21.022039638771556,21.8615221467784,21.022039638771556,0.0,21.8615221467784
2,21.022039638771556,6.600000000000001,21.022039638771556,22.033750261226132,21.022039638771556,0.0,22.033750261226132
2,21.022039638771556,7.199999999999996,21.022039638771556,22.220849456627047,21.022039638771556,0.0,22.220849456627047
2,21.022039638771556,7.799999999999997,21.022039638771556,22.422447470650535,21.022039638771556,0.0,22.422447470650535
2,21.022039638771556,8.399999999999999,21.022039638771556,22.63815696062916,21.022039638771556,0.0,22.63815696062916
2,21.022039638771556,9.0,21.022039638771556,22.867578590093064,21.022039638771556,0.0,22.867578590093064
2,21.022039638771556,9.600000000000001,21.022039638771556,23.110303991381908,21.022039638771556,0.0,23.110303991381908
2,21.022039638771556,10.199999999999996,21.022039638771556,23.365918569020188,21.022039638771556,0.0,23.365918569020188
2,21.022039638771556,10.799999999999997,21.022039638771556,23.63400411640149,21.022039638771556,0.0,23.63400411640149
2,21.022039638771556,11.399999999999999,21.022039638771556,23.91414122593748,21.022039638771556,0.0,23.91414122593748
2,21.022039638771556,12.0,21.022039638771556,24.20591147992743,21.022039638771556,0.0,24.20591147992743
2,21.022039638771556,12.600000000000001,21.022039638771556,24.508899415805733,21.022039638771556,0.0,24.508899415805733
2,21.022039638771556,13.199999999999996,21.022039638771556,24.82269426500843,21.022039638771556,0.0,24.82269426500843
2,21.022039638771556,13.799999999999997,21.022039638771556,25.146891469405965,21.022039638771556,0.0,25.146891469405965
2,21.022039638771556,14.399999999999999,21.022039638771556,25.481093983070714,21.022039638771556,0.0,25.481093983070714
2,21.022039638771556,15.0,21.022039638771556,25.824913370117674,21.022039638771556,0.0,25.824913370117674
2,21.022039638771556,15.600000000000001,21.022039638771556,26.17797071153688,21.022039638771556,0.0,26.17797071153688
2,21.022039638771556,16.199999999999996,21.022039638771556,26.539897335409616,21.022039638771556,0.0,26.539897335409616
2,21.022039638771556,16.799999999999997,21.022039638771556,26.910335385759918,21.022039638771556,0.0,26.910335385759918
2,21.022039638771556,17.4,21.022039638771556,27.288938245635034,21.022039638771556,0.0,27.288938245635034
2,21.022039638771556,18.0,21.022039638771556,27.67537082992896,21.022039638771556,0.0,27.67537082992896
2,21.022039638771556,18.6,21.022039638771556,28.06930976305051,21.022039638771556,0.0,28.06930976305051
2,21.022039638771556,19.199999999999996,21.022039638771556,28.47044345587336,21.022039638771556,0.0,28.47044345587336
2,21.022039638771556,19.799999999999997,21.022039638771556,28.878472095560777,21.022039638771556,0.0,28.878472095560777
2,21.022039638771556,20.4,21.022039638771556,29.29310756089361,21.022039638771556,0.0,29.29310756089361
2,21.022039638771556,21.0,21.022039638771556,29.714073274697338,21.022039638771556,0.0,29.714073274697338
2,21.022039638771556,21.6,21.022039638771556,30.141104003902754,21.022039638771556,0.0,30.141104003902754
2,21.022039638771556,22.199999999999996,21.022039638771556,30.57394561671886,21.022039638771556,0.0,30.57394561671886
2,21.022039638771556,22.799999999999997,21.022039638771556,31.01235480536882,21.022039638771556,0.0,31.01235480536882
2,21.022039638771556,23.4,21.022039638771556,31.45609878185918,21.022039638771556,0.0,31.45609878185918
2,21.022039638771556,24.0,21.022039638771556,31.904954953331035,21.022039638771556,0.0,31.904954953331035
2,21.022039638771556,24.6,21.022039638771556,32.35871058268674,21.022039638771556,0.0,32.35871058268674
2,21.022039638771556,25.199999999999996,21.022039638771556,32.81716243940177,21.022039638771556,0.0,32.81716243940177
2,21.022039638771556,25.799999999999997,21.022039638771556,33.2801164447194,21.022039638771556,0.0,33.2801164447194
2,21.022039638771556,26.4,21.022039638771556,33.74738731478457,21.022039638771556,0.0,33.74738731478457
2,21.022039638771556,27.0,21.022039638771556,34.2187982047015,21.022039638771556,0.0,34.2187982047015
2,21.022039638771556,27.599999999999994,21.022039638771556,34.694180355991726,21.022039638771556,0.0,34.694180355991726
2,21.022039638771556,28.199999999999996,21.022039638771556,35.17337274948313,21.022039638771556,0.0,35.17337274948313
2,21.022039638771556,28.799999999999997,21.022039638771556,35.65622176526956,21.022039638771556,0.0,35.65622176526956
2,21.022039638771556,29.4,21.022039638771556,36.14258085104165,21.022039638771556,0.0,36.14258085104165
2,21.022039638771556,30.0,21.022039638771556,36.63231019979606,21.022039638771556,0.0,36.63231019979606
3,25.01085758014569,-30.0,25.01085758014569,39.05820012358904,25.01085758014569,0.0,39.05820012358904
3,25.01085758014569,-29.4,25.01085758014569,38.599261610739795,25.01085758014569,0.0,38.599261610739795
3,25.01085758014569,-28.8,25.01085758014569,38.1442393670962,25.01085758014569,0.0,38.1442393670962
3,25.01085758014569,-28.2,25.01085758014569,37.693275221109815,25.01085758014569,0.0,37.693275221109815
3,25.01085758014569,-27.6,25.01085758014569,37.246516573960726,25.01085758014569,0.0,37.246516573960726
3,25.01085758014569,-27.0,25.01085758014569,36.80411657538231,25.01085758014569,0.0,36.80411657538231
3,25.01085758014569,-26.4,25.01085758014569,36.36623429631299,25.01085758014569,0.0,36.36623429631299
3,25.01085758014569,-25.8,25.01085758014569,35.93303489679561,25.01085758014569,0.0,35.93303489679561
3,25.01085758014569,-25.2,25.01085758014569,35.50468978732712,25.01085758014569,0.0,35.50468978732712
3,25.01085758014569,-24.6,25.01085758014569,35.081376781624904,25.01085758014569,0.0,35.081376781624904
3,25.01085758014569,-24.0,25.01085758014569,34.663280238522304,25.01085758014569,0.0,34.663280238522304
3,25.01085758014569,-23.4,25.01085758014569,34.2505911904354,25.01085758014569,0.0,34.2505911904354
3,25.01085758014569,-22.8,25.01085758014569,33.84350745555683,25.01085758014569,0.0,33.84350745555683
3,25.01085758014569,-22.2,25.01085758014569,33.442233730633646,25.01085758014569,0.0,33.442233730633646
3,25.01085758014569,-21.6,25.01085758014569,33.04698166087685,25.01085758014569,0.0,33.04698166087685
3,25.01085758014569,-21.0,25.01085758014569,32.657969883235715,25.01085758014569,0.0,32.657969883235715
3,25.01085758014569,-20.4,25.01085758014569,32.27542403895464,25.01085758014569,0.0,32.27542403895464
3,25.01085758014569,-19.8,25.01085758014569,31.899576751021808,25.01085758014569,0.0,31.899576751021808
3,25.01085758014569,-19.200000000000003,25.01085758014569,31.530667561825126,25.01085758014569,0.0,31.530667561825126
3,25.01085758014569,-18.6,25.01085758014569,31.16894282606215,25.01085758014569,0.0,31.16894282606215
3,25.01085758014569,-18.0,25.01085758014569,30.81465555371877,25.01085758014569,0.0,30.81465555371877
3,25.01085758014569,-17.4,25.01085758014569,30.468065197749777,25.01085758014569,0.0,30.468065197749777
3,25.01085758014569,-16.8,25.01085758014569,30.12943738097894,25.01085758014569,0.0,30.12943738097894
3,25.01085758014569,-16.200000000000003,25.01085758014569,29.799043556703815,25.01085758014569,0.0,29.799043556703815
3,25.01085758014569,-15.600000000000001,25.01085758014569,29.477160597559784,25.01085758014569,0.0,29.477160597559784
3,25.01085758014569,-15.0,25.01085758014569,29.16407030738904,25.01085758014569,0.0,29.16407030738904
3,25.01085758014569,-14.4,25.01085758014569,28.860058851193134,25.01085758014569,0.0,28.860058851193134
3,25.01085758014569,-13.8,25.01085758014569,28.565416098743093,25.01085758014569,0.0,28.565416098743093
3,25.01085758014569,-13.2,25.01085758014569,28.28043487809781,25.01085758014569,0.0,28.28043487809781
3,25.01085758014569,-12.600000000000001,25.01085758014569,28.00541013615639,25.01085758014569,0.0,28.00541013615639
3,25.01085758014569,-12.0,25.01085758014569,27.740638004457125,25.01085758014569,0.0,27.740638004457125
3,25.01085758014569,-11.400000000000002,25.01085758014569,27.486414769742726,25.01085758014569,0.0,27.486414769742726
3,25.01085758014569,-10.8,25.01085758014569,27.243035750340507,25.01085758014569,0.0,27.243035750340507
3,25.01085758014569,-10.2,25.01085758014569,27.0107940811508,25.01085758014569,0.0,27.0107940811508
3,25.01085758014569,-9.600000000000001,25.01085758014569,26.78997941198035,25.01085758014569,0.0,26.78997941198035
3,25.01085758014569,-9.0,25.01085758014569,26.580876526072856,25.01085758014569,0.0,26.580876526072856
3,25.01085758014569,-8.400000000000002,25.01085758014569,26.383763887935533,25.01085758014569,0.0,26.383763887935533
3,25.01085758014569,-7.800000000000001,25.01085758014569,26.19891213188691,25.01085758014569,0.0,26.19891213188691
3,25.01085758014569,-7.199999999999999,25.01085758014569,26.026582505091426,25.01085758014569,0.0,26.026582505091426
3,25.01085758014569,-6.600000000000001,25.01085758014569,25.867025281124445,25.01085758014569,0.0,25.867025281124445
3,25.01085758014569,-6.0,25.01085758014569,25.72047816224129,25.01085758014569,0.0,25.72047816224129
3,25.01085758014569,-5.400000000000002,25.01085758014569,25.587164690413257,25.01085758014569,0.0,25.587164690413257
3,25.01085758014569,-4.800000000000001,25.01085758014569,25.467292688747484,25.01085758014569,0.0,25.467292688747484
3,25.01085758014569,-4.199999999999999,25.01085758014569,25.36105275603383,25.01085758014569,0.0,25.36105275603383
3,25.01085758014569,-3.6000000000000014,25.01085758014569,25.268616837775888,25.01085758014569,0.0,25.268616837775888
3,25.01085758014569,-3.0,25.01085758014569,25.19013689709389,25.01085758014569,0.0,25.19013689709389
3,25.01085758014569,-2.400000000000002,25.01085758014569,25.125743708283164,25.01085758014569,0.0,25.125743708283164
3,25.01085758014569,-1.8000000000000007,25.01085758014569,25.075545794545153,25.01085758014569,0.0,25.075545794545153
3,25.01085758014569,-1.2000000000000028,25.01085758014569,25.039628529479646,25.01085758014569,0.0,25.039628529479646
3,25.01085758014569,-0.6000000000000014,25.01085758014569,25.018053419367604,25.01085758014569,0.0,25.018053419367604
3,25.01085758014569,0.0,25.01085758014569,25.01085758014569,25.01085758014569,0.0,25.01085758014569
3,25.01085758014569,0.5999999999999979,25.01085758014569,25.018053419367604,25.01085758014569,0.0,25.018053419367604
3,25.01085758014569,1.1999999999999993,25.01085758014569,25.039628529479646,25.01085758014569,0.0,25.039628529479646
3,25.01085758014569,1.7999999999999972,25.01085758014569,25.075545794545153,25.01085758014569,0.0,25.075545794545153
3,25.01085758014569,2.3999999999999986,25.01085758014569,25.125743708283164,25.01085758014569,0.0,25.125743708283164
3,25.01085758014569,3.0,25.01085758014569,25.19013689709389,25.01085758014569,0.0,25.19013689709389
3,25.01085758014569,3.6000000000000014,25.01085758014569,25.268616837775888,25.01085758014569,0.0,25.268616837775888
3,25.01085758014569,4.199999999999996,25.01085758014569,25.36105275603383,25.01085758014569,0.0,25.36105275603383
3,25.01085758014569,4.799999999999997,25.01085758014569,25.467292688747484,25.01085758014569,0.0,25.467292688747484
3,25.01085758014569,5.399999999999999,25.01085758014569,25.587164690413257,25.01085758014569,0.0,25.587164690413257
3,25.01085758014569,6.0,25.01085758014569,25.72047816224129,25.01085758014569,0.0,25.72047816224129
3,25.01085758014569,6.600000000000001,25.01085758014569,25.867025281124445,25.01085758014569,0.0,25.867025281124445
3,25.01085758014569,7.199999999999996,25.01085758014569,26.026582505091422,25.01085758014569,0.0,26.026582505091422
3,25.01085758014569,7.799999999999997,25.01085758014569,26.198912131886907,25.01085758014569,0.0,26.198912131886907
3,25.01085758014569,8.399999999999999,25.01085758014569,26.38376388793553,25.01085758014569,0.0,26.38376388793553
3,25.01085758014569,9.0,25.01085758014569,26.580876526072856,25.01085758014569,0.0,26.580876526072856
3,25.01085758014569,9.600000000000001,25.01085758014569,26.78997941198035,25.01085758014569,0.0,26.78997941198035
3,25.01085758014569,10.199999999999996,25.01085758014569,27.0107940811508,25.01085758014569,0.0,27.0107940811508
3,25.01085758014569,10.799999999999997,25.01085758014569,27.243035750340507,25.01085758014569,0.0,27.243035750340507
3,25.01085758014569,11.399999999999999,25.01085758014569,27.486414769742726,25.01085758014569,0.0,27.486414769742726
3,25.01085758014569,12.0,25.01085758014569,27.740638004457125,25.01085758014569,0.0,27.740638004457125
3,25.01085758014569,12.600000000000001,25.01085758014569,28.00541013615639,25.01085758014569,0.0,28.00541013615639
3,25.01085758014569,13.199999999999996,25.01085758014569,28.280434878097807,25.01085758014569,0.0,28.280434878097807
3,25.01085758014569,13.799999999999997,25.01085758014569,28.565416098743093,25.01085758014569,0.0,28.565416098743093
3,25.01085758014569,14.399999999999999,25.01085758014569,28.86005885119313,25.01085758014569,0.0,28.86005885119313
3,25.01085758014569,15.0,25.01085758014569,29.16407030738904,25.01085758014569,0.0,29.16407030738904
3,25.01085758014569,15.600000000000001,25.01085758014569,29.477160597559784,25.01085758014569,0.0,29.477160597559784
3,25.01085758014569,16.199999999999996,25.01085758014569,29.79904355670381,25.01085758014569,0.0,29.79904355670381
3,25.01085758014569,16.799999999999997,25.01085758014569,30.12943738097894,25.01085758014569,0.0,30.12943738097894
3,25.01085758014569,17.4,25.01085758014569,30.468065197749777,25.01085758014569,0.0,30.468065197749777
3,25.01085758014569,18.0,25.01085758014569,30.81465555371877,25.01085758014569,0.0,30.81465555371877
3,25.01085758014569,18.6,25.01085758014569,31.16894282606215,25.01085758014569,0.0,31.16894282606215
3,25.01085758014569,19.199999999999996,25.01085758014569,31.530667561825123,25.01085758014569,0.0,31.530667561825123
3,25.01085758014569,19.799999999999997,25.01085758014569,31.899576751021808,25.01085758014569,0.0,31.899576751021808
3,25.01085758014569,20.4,25.01085758014569,32.27542403895464,25.01085758014569,0.0,32.27542403895464
3,25.01085758014569,21.0,25.01085758014569,32.657969883235715,25.01085758014569,0.0,32.657969883235715
3,25.01085758014569,21.6,25.01085758014569,33.04698166087685,25.01085758014569,0.0,33.04698166087685
3,25.01085758014569,22.199999999999996,25.01085758014569,33.442233730633646,25.01085758014569,0.0,33.442233730633646
3,25.01085758014569,22.799999999999997,25.01085758014569,33.84350745555683,25.01085758014569,0.0,33.84350745555683
3,25.01085758014569,23.4,25.01085758014569,34.2505911904354,25.01085758014569,0.0,34.2505911904354
3,25.01085758014569,24.0,25.01085758014569,34.663280238522304,25.01085758014569,0.0,34.663280238522304
3,25.01085758014569,24.6,25.01085758014569,35.081376781624904,25.01085758014569,0.0,35.081376781624904
3,25.01085758014569,25.199999999999996,25.01085758014569,35.50468978732712,25.01085758014569,0.0,35.50468978732712
3,25.01085758014569,25.799999999999997,25.01085758014569,35.933034896795604,25.01085758014569,0.0,35.933034896795604
3,25.01085758014569,26.4,25.01085758014569,36.36623429631299,25.01085758014569,0.0,36.36623429631299
3,25.01085758014569,27.0,25.01085758014569,36.80411657538231,25.01085758014569,0.0,36.80411657538231
3,25.01085758014569,27.599999999999994,25.01085758014569,37.24651657396072,25.01085758014569,0.0,37.24651657396072
3,25.01085758014569,28.199999999999996,25.01085758014569,37.69327522110981,25.01085758014569,0.0,37.69327522110981
3,25.01085758014569,28.799999999999997,25.01085758014569,38.14423936709619,25.01085758014569,0.0,38.14423936709619
3,25.01085758014569,29.4,25.01085758014569,38.599261610739795,25.01085758014569,0.0,38.599261610739795
3,25.01085758014569,30.0,25.01085758014569,39.05820012358904,25.01085758014569,0.0,39.05820012358904
4,30.424876125859512,-30.0,30.424876125859512,42.727895891020616,30.424876125859512,0.0,42.727895891020616
4,30.424876125859512,-29.4,30.424876125859512,42.308782625761,30.424876125859512,0.0,42.308782625761
4,30.424876125859512,-28.8,30.424876125859512,41.89406983421277,30.424876125859512,0.0,41.89406983421277
4,30.424876125859512,-28.2,30.424876125859512,41.48388949066729,30.424876125859512,0.0,41.48388949066729
4,30.424876125859512,-27.6,30.424876125859512,41.07837736904777,30.424876125859512,0.0,41.07837736904777
4,30.424876125859512,-27.0,30.424876125859512,40.67767308086705,30.424876125859512,0.0,40.67767308086705
4,30.424876125859512,-26.4,30.424876125859512,40.281920104109936,30.424876125859512,0.0,40.281920104109936
4,30.424876125859512,-25.8,30.424876125859512,39.891265801850615,30.424876125859512,0.0,39.891265801850615
4,30.424876125859512,-25.2,30.424876125859512,39.50586142933598,30.424876125859512,0.0,39.50586142933598
4,30.424876125859512,-24.6,30.424876125859512,39.12586212818698,30.424876125859512,0.0,39.12586212818698
4,30.424876125859512,-24.0,30.424876125859512,38.75142690629464,30.424876125859512,0.0,38.75142690629464
4,30.424876125859512,-23.4,30.424876125859512,38.38271860191636,30.424876125859512,0.0,38.38271860191636
4,30.424876125859512,-22.8,30.424876125859512,38.01990383041357,30.424876125859512,0.0,38.01990383041357
4,30.424876125859512,-22.2,30.424876125859512,37.66315291201596,30.424876125859512,0.0,37.66315291201596
4,30.424876125859512,-21.6,30.424876125859512,37.31263977895287,30.424876125859512,0.0,37.31263977895287
4,30.424876125859512,-21.0,30.424876125859512,36.96854186026136,30.424876125859512,0.0,36.96854186026136
4,30.424876125859512,-20.4,30.424876125859512,36.63103994256642,30.424876125859512,0.0,36.63103994256642
4,30.424876125859512,-19.8,30.424876125859512,36.30031800513456,30.424876125859512,0.0,36.30031800513456
4,30.424876125859512,-19.200000000000003,30.424876125859512,35.9765630275308,30.424876125859512,0.0,35.9765630275308
4,30.424876125859512,-18.6,30.424876125859512,35.659964768264935,30.424876125859512,0.0,35.659964768264935
4,30.424876125859512,-18.0,30.424876125859512,35.350715512898695,30.424876125859512,0.0,35.350715512898695
4,30.424876125859512,-17.4,30.424876125859512,35.04900979020515,30.424876125859512,0.0,35.04900979020515
4,30.424876125859512,-16.8,30.424876125859512,34.75504405512812,30.424876125859512,0.0,34.75504405512812
4,30.424876125859512,-16.200000000000003,30.424876125859512,34.46901633748628,30.424876125859512,0.0,34.46901633748628
4,30.424876125859512,-15.600000000000001,30.424876125859512,34.1911258556061,30.424876125859512,0.0,34.1911258556061
4,30.424876125859512,-15.0,30.424876125859512,33.92157259435205,30.424876125859512,0.0,33.92157259435205
4,30.424876125859512,-14.4,30.424876125859512,33.6605568473532,30.424876125859512,0.0,33.6605568473532
4,30.424876125859512,-13.8,30.424876125859512,33.40827872360227,30.424876125859512,0.0,33.40827872360227
4,30.424876125859512,-13.2,30.424876125859512,33.164937619026155,30.424876125859512,0.0,33.164937619026155
4,30.424876125859512,-12.600000000000001,30.424876125859512,32.93073165409321,30.424876125859512,0.0,32.93073165409321
4,30.424876125859512,-12.0,30.424876125859512,32.70585707902938,30.424876125859512,0.0,32.70585707902938
4,30.424876125859512,-11.400000000000002,30.424876125859512,32.49050764875637,30.424876125859512,0.0,32.49050764875637
4,30.424876125859512,-10.8,30.424876125859512,32.28487397023405,30.424876125859512,0.0,32.28487397023405
4,30.424876125859512,-10.2,30.424876125859512,32.08914282547753,30.424876125859512,0.0,32.08914282547753
4,30.424876125859512,-9.600000000000001,30.424876125859512,31.903496474115435,30.424876125859512,0.0,31.903496474115435
4,30.424876125859512,-9.0,30.424876125859512,31.7281119399484,30.424876125859512,0.0,31.7281119399484
4,30.424876125859512,-8.400000000000002,30.424876125859512,31.563160286541272,30.424876125859512,0.0,31.563160286541272
4,30.424876125859512,-7.800000000000001,30.424876125859512,31.40880588742425,30.424876125859512,0.0,31.40880588742425
4,30.424876125859512,-7.199999999999999,30.424876125859512,31.265205696970813,30.424876125859512,0.0,31.265205696970813
4,30.424876125859512,-6.600000000000001,30.424876125859512,31.13250852844814,30.424876125859512,0.0,31.13250852844814
4,30.424876125859512,-6.0,30.424876125859512,31.010854346081732,30.424876125859512,0.0,31.010854346081732
4,30.424876125859512,-5.400000000000002,30.424876125859512,30.900373578225494,30.424876125859512,0.0,30.900373578225494
4,30.424876125859512,-4.800000000000001,30.424876125859512,30.80118645886707,30.424876125859512,0.0,30.80118645886707
4,30.424876125859512,-4.199999999999999,30.424876125859512,30.71340240471407,30.424876125859512,0.0,30.71340240471407
4,30.424876125859512,-3.6000000000000014,30.424876125859512,30.637119434990886,30.424876125859512,0.0,30.637119434990886
4,30.424876125859512,-3.0,30.424876125859512,30.57242364082207,30.424876125859512,0.0,30.57242364082207
4,30.424876125859512,-2.400000000000002,30.424876125859512,30.51938871068515,30.424876125859512,0.0,30.51938871068515
4,30.424876125859512,-1.8000000000000007,30.424876125859512,30.47807551788492,30.424876125859512,0.0,30.47807551788492
4,30.424876125859512,-1.2000000000000028,30.424876125859512,30.448531775340108,30.424876125859512,0.0,30.448531775340108
4,30.424876125859512,-0.6000000000000014,30.424876125859512,30.43079176219206,30.424876125859512,0.0,30.43079176219206
4,30.424876125859512,0.0,30.424876125859512,30.424876125859512,30.424876125859512,0.0,30.424876125859512
4,30.424876125859512,0.5999999999999979,30.424876125859512,30.43079176219206,30.424876125859512,0.0,30.43079176219206
4,30.424876125859512,1.1999999999999993,30.424876125859512,30.448531775340108,30.424876125859512,0.0,30.448531775340108
4,30.424876125859512,1.7999999999999972,30.424876125859512,30.47807551788492,30.424876125859512,0.0,30.47807551788492
4,30.424876125859512,2.3999999999999986,30.424876125859512,30.51938871068515,30.424876125859512,0.0,30.51938871068515
4,30.424876125859512,3.0,30.424876125859512,30.57242364082207,30.424876125859512,0.0,30.57242364082207
4,30.424876125859512,3.6000000000000014,30.424876125859512,30.637119434990886,30.424876125859512,0.0,30.637119434990886
4,30.424876125859512,4.199999999999996,30.424876125859512,30.71340240471407,30.424876125859512,0.0,30.71340240471407
4,30.424876125859512,4.799999999999997,30.424876125859512,30.80118645886707,30.424876125859512,0.0,30.80118645886707
4,30.424876125859512,5.399999999999999,30.424876125859512,30.900373578225494,30.424876125859512,0.0,30.900373578225494
4,30.424876125859512,6.0,30.424876125859512,31.010854346081732,30.424876125859512,0.0,31.010854346081732
4,30.424876125859512,6.600000000000001,30.424876125859512,31.13250852844814,30.424876125859512,0.0,31.13250852844814
4,30.424876125859512,7.199999999999996,30.424876125859512,31.26520569697081,30.424876125859512,0.0,31.26520569697081
4,30.424876125859512,7.799999999999997,30.424876125859512,31.408805887424247,30.424876125859512,0.0,31.408805887424247
4,30.424876125859512,8.399999999999999,30.424876125859512,31.563160286541272,30.424876125859512,0.0,31.563160286541272
4,30.424876125859512,9.0,30.424876125859512,31.7281119399484,30.424876125859512,0.0,31.7281119399484
4,30.424876125859512,9.600000000000001,30.424876125859512,31.903496474115435,30.424876125859512,0.0,31.903496474115435
4,30.424876125859512,10.199999999999996,30.424876125859512,32.08914282547753,30.424876125859512,0.0,32.08914282547753
4,30.424876125859512,10.799999999999997,30.424876125859512,32.28487397023405,30.424876125859512,0.0,32.28487397023405
4,30.424876125859512,11.399999999999999,30.424876125859512,32.49050764875637,30.424876125859512,0.0,32.49050764875637
4,30.424876125859512,12.0,30.424876125859512,32.70585707902938,30.424876125859512,0.0,32.70585707902938
4,30.424876125859512,12.600000000000001,30.424876125859512,32.93073165409321,30.424876125859512,0.0,32.93073165409321
4,30.424876125859512,13.199999999999996,30.424876125859512,33.164937619026155,30.424876125859512,0.0,33.164937619026155
4,30.424876125859512,13.799999999999997,30.424876125859512,33.40827872360227,30.424876125859512,0.0,33.40827872360227
4,30.424876125859512,14.399999999999999,30.424876125859512,33.6605568473532,30.424876125859512,0.0,33.6605568473532
4,30.424876125859512,15.0,30.424876125859512,33.92157259435205,30.424876125859512,0.0,33.92157259435205
4,30.424876125859512,15.600000000000001,30.424876125859512,34.1911258556061,30.424876125859512,0.0,34.1911258556061
4,30.424876125859512,16.199999999999996,30.424876125859512,34.46901633748628,30.424876125859512,0.0,34.46901633748628
4,30.424876125859512,16.799999999999997,30.424876125859512,34.75504405512812,30.424876125859512,0.0,34.75504405512812
4,30.424876125859512,17.4,30.424876125859512,35.04900979020515,30.424876125859512,0.0,35.04900979020515
4,30.424876125859512,18.0,30.424876125859512,35.350715512898695,30.424876125859512,0.0,35.350715512898695
4,30.424876125859512,18.6,30.424876125859512,35.659964768264935,30.424876125859512,0.0,35.659964768264935
4,30.424876125859512,19.199999999999996,30.424876125859512,35.976563027530794,30.424876125859512,0.0,35.976563027530794
4,30.424876125859512,19.799999999999997,30.424876125859512,36.30031800513456,30.424876125859512,0.0,36.30031800513456
4,30.424876125859512,20.4,30.424876125859512,36.63103994256642,30.424876125859512,0.0,36.63103994256642
4,30.424876125859512,21.0,30.424876125859512,36.96854186026136,30.424876125859512,0.0,36.96854186026136
4,30.424876125859512,21.6,30.424876125859512,37.31263977895287,30.424876125859512,0.0,37.31263977895287
4,30.424876125859512,22.199999999999996,30.424876125859512,37.66315291201595,30.424876125859512,0.0,37.66315291201595
4,30.424876125859512,22.799999999999997,30.424876125859512,38.01990383041356,30.424876125859512,0.0,38.01990383041356
4,30.424876125859512,23.4,30.424876125859512,38.38271860191636,30.424876125859512,0.0,38.38271860191636
4,30.424876125859512,24.0,30.424876125859512,38.75142690629464,30.424876125859512,0.0,38.75142690629464
4,30.424876125859512,24.6,30.424876125859512,39.12586212818698,30.424876125859512,0.0,39.12586212818698
4,30.424876125859512,25.199999999999996,30.424876125859512,39.50586142933597,30.424876125859512,0.0,39.50586142933597
4,30.424876125859512,25.799999999999997,30.424876125859512,39.891265801850615,30.424876125859512,0.0,39.891265801850615
4,30.424876125859512,26.4,30.424876125859512,40.281920104109936,30.424876125859512,0.0,40.281920104109936
4,30.424876125859512,27.0,30.424876125859512,40.67767308086705,30.424876125859512,0.0,40.67767308086705
4,30.424876125859512,27.599999999999994,30.424876125859512,41.078377369047764,30.424876125859512,0.0,41.078377369047764
4,30.424876125859512,28.199999999999996,30.424876125859512,41.48388949066729,30.424876125859512,0.0,41.48388949066729
4,30.424876125859512,28.799999999999997,30.424876125859512,41.894069834212765,30.424876125859512,0.0,41.894069834212765
4,30.424876125859512,29.4,30.424876125859512,42.308782625761,30.424876125859512,0.0,42.308782625761
4,30.424876125859512,30.0,30.424876125859512,42.727895891020616,30.424876125859512,0.0,42.727895891020616
5,32.93506158773919,-30.0,32.93506158773919,44.55017712409428,32.93506158773919,0.0,44.55017712409428
5,32.93506158773919,-29.4,32.93506158773919,44.14836669445624,32.93506158773919,0.0,44.14836669445624
5,32.93506158773919,-28.8,32.93506158773919,43.751094635313684,32.93506158773919,0.0,43.751094635313684
5,32.93506158773919,-28.2,32.93506158773919,43.3584856952843,32.93506158773919,0.0,43.3584856952843
5,32.93506158773919,-27.6,32.93506158773919,42.97066769074195,32.93506158773919,0.0,42.97066769074195
5,32.93506158773919,-27.0,32.93506158773919,42.587771505306236,32.93506158773919,0.0,42.587771505306236
5,32.93506158773919,-26.4,32.93506158773919,42.20993108011636,32.93506158773919,0.0,42.20993108011636
5,32.93506158773919,-25.8,32.93506158773919,41.837283393979746,32.93506158773919,0.0,41.837283393979746
5,32.93506158773919,-25.2,32.93506158773919,41.469968432447274,32.93506158773919,0.0,41.469968432447274
5,32.93506158773919,-24.6,32.93506158773919,41.10812914483185,32.93506158773919,0.0,41.10812914483185
5,32.93506158773919,-24.0,32.93506158773919,40.75191138815667,32.93506158773919,0.0,40.75191138815667
5,32.93506158773919,-23.4,32.93506158773919,40.40146385699624,32.93506158773919,0.0,40.40146385699624
5,32.93506158773919,-22.8,32.93506158773919,40.05693799815674,32.93506158773919,0.0,40.05693799815674
5,32.93506158773919,-22.2,32.93506158773919,39.71848790913588,32.93506158773919,0.0,39.71848790913588
5,32.93506158773919,-21.6,32.93506158773919,39.38627021930578,32.93506158773919,0.0,39.38627021930578
5,32.93506158773919,-21.0,32.93506158773919,39.0604439527788,32.93506158773919,0.0,39.0604439527788
5,32.93506158773919,-20.4,32.93506158773919,38.741170371946346,32.93506158773919,0.0,38.741170371946346
5,32.93506158773919,-19.8,32.93506158773919,38.42861280072667,32.93506158773919,0.0,38.42861280072667
5,32.93506158773919,-19.200000000000003,32.93506158773919,38.12293642662083,32.93506158773919,0.0,38.12293642662083
5,32.93506158773919,-18.6,32.93506158773919,37.82430808075904,32.93506158773919,0.0,37.82430808075904
5,32.93506158773919,-18.0,32.93506158773919,37.53289599522229,32.93506158773919,0.0,37.53289599522229
5,32.93506158773919,-17.4,32.93506158773919,37.24886953705003,32.93506158773919,0.0,37.24886953705003
5,32.93506158773919,-16.8,32.93506158773919,36.97239891849288,32.93506158773919,0.0,36.97239891849288
5,32.93506158773919,-16.200000000000003,32.93506158773919,36.703654883242535,32.93506158773919,0.0,36.703654883242535
5,32.93506158773919,-15.600000000000001,32.93506158773919,36.44280836856805,32.93506158773919,0.0,36.44280836856805
5,32.93506158773919,-15.0,32.93506158773919,36.19003014351015,32.93506158773919,0.0,36.19003014351015
5,32.93506158773919,-14.4,32.93506158773919,35.945490423531204,32.93506158773919,0.0,35.945490423531204
5,32.93506158773919,-13.8,32.93506158773919,35.709358462287916,32.93506158773919,0.0,35.709358462287916
5,32.93506158773919,-13.2,32.93506158773919,35.48180212148438,32.93506158773919,0.0,35.48180212148438
5,32.93506158773919,-12.600000000000001,32.93506158773919,35.26298742007225,32.93506158773919,0.0,35.26298742007225
5,32.93506158773919,-12.0,32.93506158773919,35.05307806438935,32.93506158773919,0.0,35.05307806438935
5,32.93506158773919,-11.400000000000002,32.93506158773919,34.85223496116387,32.93506158773919,0.0,34.85223496116387
5,32.93506158773919,-10.8,32.93506158773919,34.66061571565303,32.93506158773919,0.0,34.66061571565303
5,32.93506158773919,-10.2,32.93506158773919,34.47837411752726,32.93506158773919,0.0,34.47837411752726
5,32.93506158773919,-9.600000000000001,32.93506158773919,34.30565961744758,32.93506158773919,0.0,34.30565961744758
5,32.93506158773919,-9.0,32.93506158773919,34.14261679760609,32.93506158773919,0.0,34.14261679760609
5,32.93506158773919,-8.400000000000002,32.93506158773919,33.98938483980217,32.93506158773919,0.0,33.98938483980217
5,32.93506158773919,-7.800000000000001,32.93506158773919,33.84609699489992,32.93506158773919,0.0,33.84609699489992
5,32.93506158773919,-7.199999999999999,32.93506158773919,33.71288005774905,32.93506158773919,0.0,33.71288005774905
5,32.93506158773919,-6.600000000000001,32.93506158773919,33.589853851843024,32.93506158773919,0.0,33.589853851843024
5,32.93506158773919,-6.0,32.93506158773919,33.477130728128024,32.93506158773919,0.0,33.477130728128024
5,32.93506158773919,-5.400000000000002,32.93506158773919,33.374815082456614,32.93506158773919,0.0,33.374815082456614
5,32.93506158773919,-4.800000000000001,32.93506158773919,33.28300289619573,32.93506158773919,0.0,33.28300289619573
5,32.93506158773919,-4.199999999999999,32.93506158773919,33.2017813044447,32.93506158773919,0.0,33.2017813044447
5,32.93506158773919,-3.6000000000000014,32.93506158773919,33.13122819619239,32.93506158773919,0.0,33.13122819619239
5,32.93506158773919,-3.0,32.93506158773919,33.071411850542056,32.93506158773919,0.0,33.071411850542056
5,32.93506158773919,-2.400000000000002,32.93506158773919,33.02239061285802,32.93506158773919,0.0,33.02239061285802
5,32.93506158773919,-1.8000000000000007,32.93506158773919,32.984212614342844,32.93506158773919,0.0,32.984212614342844
5,32.93506158773919,-1.2000000000000028,32.93506158773919,32.95691553814121,32.93506158773919,0.0,32.95691553814121
5,32.93506158773919,-0.6000000000000014,32.93506158773919,32.94052643459381,32.93506158773919,0.0,32.94052643459381
5,32.93506158773919,0.0,32.93506158773919,32.93506158773919,32.93506158773919,0.0,32.93506158773919
5,32.93506158773919,0.5999999999999979,32.93506158773919,32.94052643459381,32.93506158773919,0.0,32.94052643459381
5,32.93506158773919,1.1999999999999993,32.93506158773919,32.95691553814121,32.93506158773919,0.0,32.95691553814121
5,32.93506158773919,1.7999999999999972,32.93506158773919,32.984212614342844,32.93506158773919,0.0,32.984212614342844
5,32.93506158773919,2.3999999999999986,32.93506158773919,33.02239061285802,32.93506158773919,0.0,33.02239061285802
5,32.93506158773919,3.0,32.93506158773919,33.071411850542056,32.93506158773919,0.0,33.071411850542056
5,32.93506158773919,3.6000000000000014,32.93506158773919,33.13122819619239,32.93506158773919,0.0,33.13122819619239
5,32.93506158773919,4.199999999999996,32.93506158773919,33.201781304444694,32.93506158773919,0.0,33.201781304444694
5,32.93506158773919,4.799999999999997,32.93506158773919,33.28300289619573,32.93506158773919,0.0,33.28300289619573
5,32.93506158773919,5.399999999999999,32.93506158773919,33.374815082456614,32.93506158773919,0.0,33.374815082456614
5,32.93506158773919,6.0,32.93506158773919,33.477130728128024,32.93506158773919,0.0,33.477130728128024
5,32.93506158773919,6.600000000000001,32.93506158773919,33.589853851843024,32.93506158773919,0.0,33.589853851843024
5,32.93506158773919,7.199999999999996,32.93506158773919,33.71288005774905,32.93506158773919,0.0,33.71288005774905
5,32.93506158773919,7.799999999999997,32.93506158773919,33.84609699489992,32.93506158773919,0.0,33.84609699489992
5,32.93506158773919,8.399999999999999,32.93506158773919,33.98938483980217,32.93506158773919,0.0,33.98938483980217
5,32.93506158773919,9.0,32.93506158773919,34.14261679760609,32.93506158773919,0.0,34.14261679760609
5,32.93506158773919,9.600000000000001,32.93506158773919,34.30565961744758,32.93506158773919,0.0,34.30565961744758
5,32.93506158773919,10.199999999999996,32.93506158773919,34.47837411752726,32.93506158773919,0.0,34.47837411752726
5,32.93506158773919,10.799999999999997,32.93506158773919,34.66061571565302,32.93506158773919,0.0,34.66061571565302
5,32.93506158773919,11.399999999999999,32.93506158773919,34.85223496116387,32.93506158773919,0.0,34.85223496116387
5,32.93506158773919,12.0,32.93506158773919,35.05307806438935,32.93506158773919,0.0,35.05307806438935
5,32.93506158773919,12.600000000000001,32.93506158773919,35.26298742007225,32.93506158773919,0.0,35.26298742007225
5,32.93506158773919,13.199999999999996,32.93506158773919,35.48180212148438,32.93506158773919,0.0,35.48180212148438
5,32.93506158773919,13.799999999999997,32.93506158773919,35.70935846228791,32.93506158773919,0.0,35.70935846228791
5,32.93506158773919,14.399999999999999,32.93506158773919,35.945490423531204,32.93506158773919,0.0,35.945490423531204
5,32.93506158773919,15.0,32.93506158773919,36.19003014351015,32.93506158773919,0.0,36.19003014351015
5,32.93506158773919,15.600000000000001,32.93506158773919,36.44280836856805,32.93506158773919,0.0,36.44280836856805
5,32.93506158773919,16.199999999999996,32.93506158773919,36.70365488324253,32.93506158773919,0.0,36.70365488324253
5,32.93506158773919,16.799999999999997,32.93506158773919,36.97239891849288,32.93506158773919,0.0,36.97239891849288
5,32.93506158773919,17.4,32.93506158773919,37.24886953705003,32.93506158773919,0.0,37.24886953705003
5,32.93506158773919,18.0,32.93506158773919,37.53289599522229,32.93506158773919,0.0,37.53289599522229
5,32.93506158773919,18.6,32.93506158773919,37.82430808075904,32.93506158773919,0.0,37.82430808075904
5,32.93506158773919,19.199999999999996,32.93506158773919,38.12293642662083,32.93506158773919,0.0,38.12293642662083
5,32.93506158773919,19.799999999999997,32.93506158773919,38.42861280072667,32.93506158773919,0.0,38.42861280072667
5,32.93506158773919,20.4,32.93506158773919,38.741170371946346,32.93506158773919,0.0,38.741170371946346
5,32.93506158773919,21.0,32.93506158773919,39.0604439527788,32.93506158773919,0.0,39.0604439527788
5,32.93506158773919,21.6,32.93506158773919,39.38627021930578,32.93506158773919,0.0,39.38627021930578
5,32.93506158773919,22.199999999999996,32.93506158773919,39.71848790913588,32.93506158773919,0.0,39.71848790913588
5,32.93506158773919,22.799999999999997,32.93506158773919,40.05693799815674,32.93506158773919,0.0,40.05693799815674
5,32.93506158773919,23.4,32.93506158773919,40.40146385699624,32.93506158773919,0.0,40.40146385699624
5,32.93506158773919,24.0,32.93506158773919,40.75191138815667,32.93506158773919,0.0,40.75191138815667
5,32.93506158773919,24.6,32.93506158773919,41.10812914483185,32.93506158773919,0.0,41.10812914483185
5,32.93506158773919,25.199999999999996,32.93506158773919,41.469968432447274,32.93506158773919,0.0,41.469968432447274
5,32.93506158773919,25.799999999999997,32.93506158773919,41.837283393979746,32.93506158773919,0.0,41.837283393979746
5,32.93506158773919,26.4,32.93506158773919,42.20993108011636,32.93506158773919,0.0,42.20993108011636
5,32.93506158773919,27.0,32.93506158773919,42.587771505306236,32.93506158773919,0.0,42.587771505306236
5,32.93506158773919,27.599999999999994,32.93506158773919,42.97066769074194,32.93506158773919,0.0,42.97066769074194
5,32.93506158773919,28.199999999999996,32.93506158773919,43.3584856952843,32.93506158773919,0.0,43.3584856952843
5,32.93506158773919,28.799999999999997,32.93506158773919,43.75109463531368,32.93506158773919,0.0,43.75109463531368
5,32.93506158773919,29.4,32.93506158773919,44.14836669445624,32.93506158773919,0.0,44.14836669445624
5,32.93506158773919,30.0,32.93506158773919,44.55017712409428,32.93506158773919,0.0,44.55017712409428
