cutoff_mode,dataset,replicate,prime_cutoff,event,track_id,feature_id,distance,missing_steps
hard,real,0,5,birth,1,peak_1,,0
hard,real,0,5,birth,2,peak_2,,0
hard,real,0,5,birth,3,peak_3,,0
hard,real,0,5,birth,4,peak_4,,0
hard,real,0,5,birth,5,peak_5,,0
hard,real,0,5,birth,6,peak_6,,0
hard,real,0,5,birth,7,peak_7,,0
hard,real,0,5,birth,8,peak_8,,0
hard,real,0,5,birth,9,peak_9,,0
hard,real,0,7,match,1,peak_1,0.3947140705228884,0
hard,real,0,7,match,2,peak_2,0.043912990159120646,0
hard,real,0,7,birth,10,peak_3,,0
hard,real,0,7,match,4,peak_4,0.391299902953671,0
hard,real,0,7,match,5,peak_5,0.3006621589294962,0
hard,real,0,7,birth,11,peak_6,,0
hard,real,0,7,birth,12,peak_7,,0
hard,real,0,7,match,6,peak_8,0.07310517293790042,0
hard,real,0,7,match,7,peak_9,0.3471910177112498,0
hard,real,0,7,birth,13,peak_10,,0
hard,real,0,7,match,8,peak_11,0.1686967180542993,0
hard,real,0,7,birth,14,peak_12,,0
hard,real,0,7,missing,3,,,1
hard,real,0,7,missing,9,,,1
hard,real,0,11,match,1,peak_1,0.2968536798450374,0
hard,real,0,11,match,2,peak_2,0.2726577530737515,0
hard,real,0,11,match,10,peak_3,0.2017521798460491,0
hard,real,0,11,birth,15,peak_4,,0
hard,real,0,11,match,4,peak_5,0.3232714576342577,0
hard,real,0,11,match,5,peak_6,0.09686838454155122,0
hard,real,0,11,birth,16,peak_7,,0
hard,real,0,11,match,6,peak_8,0.3978313980760184,0
hard,real,0,11,match,7,peak_9,0.0557487596131061,0
hard,real,0,11,match,13,peak_10,0.1968390118122798,0
hard,real,0,11,match,8,peak_11,0.0885100012374771,0
hard,real,0,11,match,14,peak_12,0.10755517314247953,0
hard,real,0,11,missing,3,,,2
hard,real,0,11,missing,9,,,2
hard,real,0,11,missing,11,,,1
hard,real,0,11,missing,12,,,1
hard,real,0,17,death,3,,,2
hard,real,0,17,death,9,,,2
hard,real,0,17,match,1,peak_1,0.30651965631352684,0
hard,real,0,17,birth,17,peak_2,,0
hard,real,0,17,birth,18,peak_3,,0
hard,real,0,17,match,15,peak_4,0.17977712223752107,0
hard,real,0,17,match,4,peak_5,0.2773897966486256,0
hard,real,0,17,match,5,peak_6,0.11705844607679694,0
hard,real,0,17,match,16,peak_7,0.22652219526822037,0
hard,real,0,17,reconnect,12,peak_8,0.15179892528509242,1
hard,real,0,17,match,6,peak_9,0.3421369866716404,0
hard,real,0,17,match,7,peak_10,0.36010478845885885,0
hard,real,0,17,match,13,peak_11,0.0057865326009256535,0
hard,real,0,17,match,8,peak_12,0.020203387050308663,0
hard,real,0,17,match,14,peak_13,0.1517660350358554,0
hard,real,0,17,missing,2,,,1
hard,real,0,17,missing,10,,,1
hard,real,0,17,missing,11,,,2
hard,real,0,29,death,11,,,2
hard,real,0,29,match,1,peak_1,0.23805495515942576,0
hard,real,0,29,match,17,peak_2,0.45407664600778785,0
hard,real,0,29,reconnect,2,peak_3,0.40634984616679404,1
hard,real,0,29,reconnect,10,peak_4,0.021324682439124665,1
hard,real,0,29,match,15,peak_5,0.08028657793705385,0
hard,real,0,29,match,4,peak_6,0.17643486798575658,0
hard,real,0,29,birth,19,peak_7,,0
hard,real,0,29,match,5,peak_8,0.04765802524666363,0
hard,real,0,29,match,16,peak_9,0.12277160373223595,0
hard,real,0,29,birth,20,peak_10,,0
hard,real,0,29,match,12,peak_11,0.009280460985628736,0
hard,real,0,29,match,6,peak_12,0.0943622270080482,0
hard,real,0,29,birth,21,peak_13,,0
hard,real,0,29,match,7,peak_14,0.08865643283757052,0
hard,real,0,29,match,13,peak_15,0.3891667698361161,0
hard,real,0,29,match,8,peak_16,0.279401597462293,0
hard,real,0,29,match,14,peak_17,0.05803465785713513,0
hard,real,0,29,birth,22,peak_18,,0
hard,real,0,29,missing,18,,,1
hard,real,0,47,match,1,peak_1,0.2047212994036287,0
hard,real,0,47,match,17,peak_2,0.35647481446779894,0
hard,real,0,47,birth,23,peak_3,,0
hard,real,0,47,reconnect,18,peak_4,0.0061940066123593596,1
hard,real,0,47,match,10,peak_5,0.433356952387161,0
hard,real,0,47,birth,24,peak_6,,0
hard,real,0,47,match,4,peak_7,0.3952104891481909,0
hard,real,0,47,match,19,peak_8,0.04073330028305655,0
hard,real,0,47,match,5,peak_9,0.030865311133732476,0
hard,real,0,47,match,20,peak_10,0.03532492580441726,0
hard,real,0,47,match,12,peak_11,0.13800755682895627,0
hard,real,0,47,match,6,peak_12,0.029237157310355144,0
hard,real,0,47,match,21,peak_13,0.023296314739056356,0
hard,real,0,47,match,7,peak_14,0.04775963802959993,0
hard,real,0,47,birth,25,peak_15,,0
hard,real,0,47,match,13,peak_16,0.04244057581463423,0
hard,real,0,47,match,8,peak_17,0.04335273004321394,0
hard,real,0,47,match,14,peak_18,0.07565786539255726,0
hard,real,0,47,match,22,peak_19,0.05074931140546113,0
hard,real,0,47,missing,2,,,1
hard,real,0,47,missing,15,,,1
hard,real,0,47,missing,16,,,1
hard,real,0,71,match,1,peak_1,0.11202215657182957,0
hard,real,0,71,match,17,peak_2,0.25079493782467166,0
hard,real,0,71,match,23,peak_3,0.40048666159762014,0
hard,real,0,71,match,18,peak_4,0.45861371124345496,0
hard,real,0,71,match,10,peak_5,0.4098216307847773,0
hard,real,0,71,reconnect,15,peak_6,0.13011633151939428,1
hard,real,0,71,match,24,peak_7,0.4539419964666127,0
hard,real,0,71,birth,26,peak_8,,0
hard,real,0,71,match,19,peak_9,0.14723254107775396,0
hard,real,0,71,match,5,peak_10,0.0679938661634214,0
hard,real,0,71,match,20,peak_11,0.02627137384709144,0
hard,real,0,71,match,12,peak_12,0.04323673047987242,0
hard,real,0,71,match,6,peak_13,0.07583471116256746,0
hard,real,0,71,match,21,peak_14,0.0384856830567486,0
hard,real,0,71,match,7,peak_15,0.0325722475036514,0
hard,real,0,71,match,25,peak_16,0.04690753680724313,0
hard,real,0,71,match,8,peak_17,0.04285172901825263,0
hard,real,0,71,match,14,peak_18,0.053402083008151635,0
hard,real,0,71,match,22,peak_19,0.10192299634994839,0
hard,real,0,71,missing,2,,,2
hard,real,0,71,missing,4,,,1
hard,real,0,71,missing,13,,,1
hard,real,0,71,missing,16,,,2
hard,real,0,101,death,2,,,2
hard,real,0,101,death,16,,,2
hard,real,0,101,match,1,peak_1,0.08387647979341772,0
hard,real,0,101,match,17,peak_2,0.19981270802913764,0
hard,real,0,101,match,23,peak_3,0.2881679063691531,0
hard,real,0,101,match,18,peak_4,0.4468138717294554,0
hard,real,0,101,birth,27,peak_5,,0
hard,real,0,101,match,15,peak_6,0.48097700508227614,0
hard,real,0,101,match,24,peak_7,0.4285087949045838,0
hard,real,0,101,reconnect,4,peak_8,0.1488227971771927,1
hard,real,0,101,match,19,peak_9,0.0753851065572313,0
hard,real,0,101,match,5,peak_10,0.0019286414062502644,0
hard,real,0,101,match,20,peak_11,0.031040875648255195,0
hard,real,0,101,match,12,peak_12,0.04716252610353422,0
hard,real,0,101,match,6,peak_13,0.007327163646532853,0
hard,real,0,101,match,21,peak_14,0.23561018855389193,0
hard,real,0,101,match,7,peak_15,0.07038480238520961,0
hard,real,0,101,match,25,peak_16,0.07614329172799472,0
hard,real,0,101,reconnect,13,peak_17,0.09936704836323429,1
hard,real,0,101,match,8,peak_18,0.030263062929915208,0
hard,real,0,101,match,14,peak_19,0.060148285680355684,0
hard,real,0,101,match,22,peak_20,0.03731615839044622,0
hard,real,0,101,missing,10,,,1
hard,real,0,101,missing,26,,,1
hard,real,0,151,match,1,peak_1,0.0865239799636941,0
hard,real,0,151,match,17,peak_2,0.19527825091659157,0
hard,real,0,151,match,23,peak_3,0.29113210141494594,0
hard,real,0,151,match,18,peak_4,0.3776049355132667,0
hard,real,0,151,match,27,peak_5,0.44070160459409813,0
hard,real,0,151,reconnect,10,peak_6,0.13614913685702934,1
hard,real,0,151,birth,28,peak_7,,0
hard,real,0,151,match,24,peak_8,0.3421308921701147,0
hard,real,0,151,ambiguous_birth,29,peak_9,0.3404592273788847,0
hard,real,0,151,match,19,peak_10,0.05699020720261139,0
hard,real,0,151,match,5,peak_11,0.056903470502668085,0
hard,real,0,151,birth,30,peak_12,,0
hard,real,0,151,match,20,peak_13,0.4688695125930309,0
hard,real,0,151,birth,31,peak_14,,0
hard,real,0,151,birth,32,peak_15,,0
hard,real,0,151,match,6,peak_16,0.10623753621397114,0
hard,real,0,151,match,21,peak_17,0.4409167336939568,0
hard,real,0,151,match,7,peak_18,0.08212590295197231,0
hard,real,0,151,birth,33,peak_19,,0
hard,real,0,151,match,8,peak_20,0.07761030491701604,0
hard,real,0,151,match,14,peak_21,0.009878379201509802,0
hard,real,0,151,match,22,peak_22,0.1517342747032444,0
hard,real,0,151,missing,4,,,1
hard,real,0,151,missing,12,,,1
hard,real,0,151,missing,13,,,1
hard,real,0,151,missing,15,,,1
hard,real,0,151,missing,25,,,1
hard,real,0,151,missing,26,,,2
hard,real,0,211,death,26,,,2
hard,real,0,211,match,1,peak_1,0.05998042233667489,0
hard,real,0,211,match,17,peak_2,0.1337172558393207,0
hard,real,0,211,match,23,peak_3,0.22317608997333283,0
hard,real,0,211,match,18,peak_4,0.2893394491715098,0
hard,real,0,211,match,27,peak_5,0.36901186287857346,0
hard,real,0,211,match,10,peak_6,0.378228062174907,0
hard,real,0,211,reconnect,15,peak_7,0.03350700908383786,1
hard,real,0,211,birth,34,peak_8,,0
hard,real,0,211,reconnect,4,peak_9,0.34005974162257857,1
hard,real,0,211,match,29,peak_10,0.48564504224823857,0
hard,real,0,211,match,19,peak_11,0.16511049325888472,0
hard,real,0,211,match,5,peak_12,0.169636432464074,0
hard,real,0,211,match,20,peak_13,0.21152670101748328,0
hard,real,0,211,match,31,peak_14,0.13363946728837917,0
hard,real,0,211,match,32,peak_15,0.019019729577603783,0
hard,real,0,211,match,6,peak_16,0.009110395181213704,0
hard,real,0,211,match,7,peak_17,0.029882062386015207,0
hard,real,0,211,reconnect,25,peak_18,0.14155514717241857,1
hard,real,0,211,match,33,peak_19,0.21766001749262998,0
hard,real,0,211,birth,35,peak_20,,0
hard,real,0,211,match,8,peak_21,0.03312301732279721,0
hard,real,0,211,birth,36,peak_22,,0
hard,real,0,211,match,14,peak_23,0.05441954432158269,0
hard,real,0,211,missing,12,,,2
hard,real,0,211,missing,13,,,2
hard,real,0,211,missing,21,,,1
hard,real,0,211,missing,22,,,1
hard,real,0,211,missing,24,,,1
hard,real,0,211,missing,28,,,1
hard,real,0,211,missing,30,,,1
taper,real,0,5,birth,1,peak_1,,0
taper,real,0,5,birth,2,peak_2,,0
taper,real,0,5,birth,3,peak_3,,0
taper,real,0,5,birth,4,peak_4,,0
taper,real,0,5,birth,5,peak_5,,0
taper,real,0,5,birth,6,peak_6,,0
taper,real,0,7,birth,7,peak_1,,0
taper,real,0,7,match,2,peak_2,0.00397068920113508,0
taper,real,0,7,birth,8,peak_3,,0
taper,real,0,7,match,3,peak_4,0.04850079698834264,0
taper,real,0,7,match,4,peak_5,0.07297452515711811,0
taper,real,0,7,match,5,peak_6,0.3777155605636011,0
taper,real,0,7,match,6,peak_7,0.4727193221128516,0
taper,real,0,7,missing,1,,,1
taper,real,0,11,birth,9,peak_1,,0
taper,real,0,11,birth,10,peak_2,,0
taper,real,0,11,match,2,peak_3,0.11011641935994376,0
taper,real,0,11,match,8,peak_4,0.011970586810067019,0
taper,real,0,11,match,3,peak_5,0.10171841580466001,0
taper,real,0,11,match,4,peak_6,0.007692624101824919,0
taper,real,0,11,match,5,peak_7,0.030697925832122053,0
taper,real,0,11,birth,11,peak_8,,0
taper,real,0,11,birth,12,peak_9,,0
taper,real,0,11,missing,1,,,2
taper,real,0,11,missing,6,,,1
taper,real,0,11,missing,7,,,1
taper,real,0,17,death,1,,,2
taper,real,0,17,match,9,peak_1,0.39114351231908495,0
taper,real,0,17,match,10,peak_2,0.048671976820321206,0
taper,real,0,17,match,2,peak_3,0.022629883821798202,0
taper,real,0,17,birth,13,peak_4,,0
taper,real,0,17,match,8,peak_5,0.11750184830045995,0
taper,real,0,17,match,3,peak_6,0.062255672280501884,0
taper,real,0,17,match,4,peak_7,0.08328950184561279,0
taper,real,0,17,match,5,peak_8,0.027133169489712117,0
taper,real,0,17,birth,14,peak_9,,0
taper,real,0,17,match,11,peak_10,0.08250389051351803,0
taper,real,0,17,match,12,peak_11,0.2566526111515657,0
taper,real,0,17,missing,6,,,2
taper,real,0,17,missing,7,,,2
taper,real,0,29,death,6,,,2
taper,real,0,29,death,7,,,2
taper,real,0,29,match,9,peak_1,0.4169995563439848,0
taper,real,0,29,birth,15,peak_2,,0
taper,real,0,29,match,2,peak_3,0.024161894755589053,0
taper,real,0,29,match,13,peak_4,0.06483995244121665,0
taper,real,0,29,match,8,peak_5,0.1612306935027643,0
taper,real,0,29,match,3,peak_6,0.014257261071982441,0
taper,real,0,29,birth,16,peak_7,,0
taper,real,0,29,birth,17,peak_8,,0
taper,real,0,29,match,4,peak_9,0.20826979800039425,0
taper,real,0,29,match,5,peak_10,0.14977455728537237,0
taper,real,0,29,match,14,peak_11,0.0700250062407548,0
taper,real,0,29,match,11,peak_12,0.007281048680333413,0
taper,real,0,29,match,12,peak_13,0.002921781334599416,0
taper,real,0,29,missing,10,,,1
taper,real,0,47,match,9,peak_1,0.24477764513148959,0
taper,real,0,47,match,15,peak_2,0.32793693508386124,0
taper,real,0,47,reconnect,10,peak_3,0.14996010054818587,1
taper,real,0,47,match,2,peak_4,0.00589640375733147,0
taper,real,0,47,match,13,peak_5,0.0224872187752716,0
taper,real,0,47,match,8,peak_6,0.3278685812501383,0
taper,real,0,47,match,3,peak_7,0.01943534224605692,0
taper,real,0,47,match,16,peak_8,0.01888620945879893,0
taper,real,0,47,birth,18,peak_9,,0
taper,real,0,47,match,17,peak_10,0.015589066650928629,0
taper,real,0,47,match,4,peak_11,0.027144086620864982,0
taper,real,0,47,match,5,peak_12,0.0244729568498947,0
taper,real,0,47,match,14,peak_13,0.09995697502283107,0
taper,real,0,47,match,11,peak_14,0.07576878019943578,0
taper,real,0,47,match,12,peak_15,0.04208501635610418,0
taper,real,0,47,birth,19,peak_16,,0
taper,real,0,71,match,9,peak_1,0.17451077845551888,0
taper,real,0,71,match,15,peak_2,0.2132302951877909,0
taper,real,0,71,match,10,peak_3,0.18564854533708797,0
taper,real,0,71,birth,20,peak_4,,0
taper,real,0,71,match,2,peak_5,0.08329385807734102,0
taper,real,0,71,match,13,peak_6,0.03197839519319068,0
taper,real,0,71,match,8,peak_7,0.15820749795727806,0
taper,real,0,71,birth,21,peak_8,,0
taper,real,0,71,match,3,peak_9,0.02050663799528074,0
taper,real,0,71,match,16,peak_10,0.11436155801023062,0
taper,real,0,71,match,18,peak_11,0.016269239871338215,0
taper,real,0,71,match,17,peak_12,0.07474456537049079,0
taper,real,0,71,match,4,peak_13,0.05129516112441834,0
taper,real,0,71,birth,22,peak_14,,0
taper,real,0,71,match,5,peak_15,0.00934425579059095,0
taper,real,0,71,match,14,peak_16,0.11171825831142002,0
taper,real,0,71,match,11,peak_17,0.036024650746615094,0
taper,real,0,71,match,12,peak_18,0.05548998867604382,0
taper,real,0,71,match,19,peak_19,0.028389117239605355,0
taper,real,0,101,match,9,peak_1,0.12423520751381423,0
taper,real,0,101,match,15,peak_2,0.19638027531376823,0
taper,real,0,101,match,10,peak_3,0.3813211036918931,0
taper,real,0,101,match,2,peak_4,0.022657275304679203,0
taper,real,0,101,match,13,peak_5,0.06178672035930255,0
taper,real,0,101,birth,23,peak_6,,0
taper,real,0,101,match,21,peak_7,0.02349595458446707,0
taper,real,0,101,match,3,peak_8,0.021647744833607874,0
taper,real,0,101,match,16,peak_9,0.10739188381533538,0
taper,real,0,101,match,18,peak_10,0.003991807507048861,0
taper,real,0,101,match,17,peak_11,0.044885535112726416,0
taper,real,0,101,match,4,peak_12,0.0028585144968147347,0
taper,real,0,101,match,22,peak_13,0.011697190675363345,0
taper,real,0,101,match,5,peak_14,0.0014247404738085834,0
taper,real,0,101,match,14,peak_15,0.058349053389314065,0
taper,real,0,101,match,11,peak_16,0.005599309197975799,0
taper,real,0,101,match,12,peak_17,0.003972976272592632,0
taper,real,0,101,match,19,peak_18,0.07774139890866394,0
taper,real,0,101,missing,8,,,1
taper,real,0,101,missing,20,,,1
taper,real,0,151,match,9,peak_1,0.11669710768027186,0
taper,real,0,151,match,15,peak_2,0.27379550939986386,0
taper,real,0,151,match,10,peak_3,0.3911168419473352,0
taper,real,0,151,birth,24,peak_4,,0
taper,real,0,151,match,2,peak_5,0.005022783336566583,0
taper,real,0,151,match,21,peak_6,0.051988023560170404,0
taper,real,0,151,match,3,peak_7,0.014583494207110803,0
taper,real,0,151,match,18,peak_8,0.016390127898130658,0
taper,real,0,151,match,17,peak_9,0.03418709045420343,0
taper,real,0,151,match,4,peak_10,0.018004320523996142,0
taper,real,0,151,match,22,peak_11,0.02918844924487729,0
taper,real,0,151,match,5,peak_12,0.0013954796278632386,0
taper,real,0,151,birth,25,peak_13,,0
taper,real,0,151,match,14,peak_14,0.03561193822354625,0
taper,real,0,151,match,11,peak_15,0.023687188556088756,0
taper,real,0,151,match,12,peak_16,0.03310878404929696,0
taper,real,0,151,match,19,peak_17,0.04833928037762547,0
taper,real,0,151,missing,8,,,2
taper,real,0,151,missing,13,,,1
taper,real,0,151,missing,16,,,1
taper,real,0,151,missing,20,,,2
taper,real,0,151,missing,23,,,1
taper,real,0,211,death,8,,,2
taper,real,0,211,death,20,,,2
taper,real,0,211,match,9,peak_1,0.07900036114920805,0
taper,real,0,211,match,15,peak_2,0.1742536072699452,0
taper,real,0,211,match,10,peak_3,0.19991986417752194,0
taper,real,0,211,match,24,peak_4,0.0992115118627348,0
taper,real,0,211,birth,26,peak_5,,0
taper,real,0,211,match,2,peak_6,0.04297948645168592,0
taper,real,0,211,reconnect,13,peak_7,0.008891467568785671,1
taper,real,0,211,reconnect,23,peak_8,0.04181795844123215,1
taper,real,0,211,match,21,peak_9,0.03956658115218481,0
taper,real,0,211,match,3,peak_10,0.022225942112211072,0
taper,real,0,211,match,18,peak_11,0.02695199520455205,0
taper,real,0,211,match,4,peak_12,0.014844749140891622,0
taper,real,0,211,match,22,peak_13,0.4164581966528189,0
taper,real,0,211,match,5,peak_14,0.004092863098119182,0
taper,real,0,211,match,25,peak_15,0.057988962815855416,0
taper,real,0,211,match,11,peak_16,0.029794295611722532,0
taper,real,0,211,match,12,peak_17,0.023241225505763907,0
taper,real,0,211,match,19,peak_18,0.039277055441857556,0
taper,real,0,211,missing,14,,,1
taper,real,0,211,missing,16,,,2
taper,real,0,211,missing,17,,,1
hard,phase_scrambled,0,5,birth,1,peak_1,,0
hard,phase_scrambled,0,5,birth,2,peak_2,,0
hard,phase_scrambled,0,5,birth,3,peak_3,,0
hard,phase_scrambled,0,5,birth,4,peak_4,,0
hard,phase_scrambled,0,5,birth,5,peak_5,,0
hard,phase_scrambled,0,5,birth,6,peak_6,,0
hard,phase_scrambled,0,5,birth,7,peak_7,,0
hard,phase_scrambled,0,7,birth,8,peak_1,,0
hard,phase_scrambled,0,7,match,1,peak_2,0.46797865383478143,0
hard,phase_scrambled,0,7,match,2,peak_3,0.11237508432257037,0
hard,phase_scrambled,0,7,match,3,peak_4,0.3213608819502731,0
hard,phase_scrambled,0,7,birth,9,peak_5,,0
hard,phase_scrambled,0,7,birth,10,peak_6,,0
hard,phase_scrambled,0,7,match,4,peak_7,0.12900599729373852,0
hard,phase_scrambled,0,7,birth,11,peak_8,,0
hard,phase_scrambled,0,7,match,6,peak_9,0.2538888948257565,0
hard,phase_scrambled,0,7,birth,12,peak_10,,0
hard,phase_scrambled,0,7,missing,5,,,1
hard,phase_scrambled,0,7,missing,7,,,1
hard,phase_scrambled,0,11,match,1,peak_1,0.06549414511991891,0
hard,phase_scrambled,0,11,match,2,peak_2,0.03969885519536476,0
hard,phase_scrambled,0,11,match,3,peak_3,0.34409972773727837,0
hard,phase_scrambled,0,11,match,4,peak_4,0.35999686421249777,0
hard,phase_scrambled,0,11,match,11,peak_5,0.32647095675261895,0
hard,phase_scrambled,0,11,match,6,peak_6,0.25814456917645145,0
hard,phase_scrambled,0,11,reconnect,7,peak_7,0.22781441041422568,1
hard,phase_scrambled,0,11,birth,13,peak_8,,0
hard,phase_scrambled,0,11,birth,14,peak_9,,0
hard,phase_scrambled,0,11,missing,5,,,2
hard,phase_scrambled,0,11,missing,8,,,1
hard,phase_scrambled,0,11,missing,9,,,1
hard,phase_scrambled,0,11,missing,10,,,1
hard,phase_scrambled,0,11,missing,12,,,1
hard,phase_scrambled,0,17,death,5,,,2
hard,phase_scrambled,0,17,match,1,peak_1,0.1474931619216271,0
hard,phase_scrambled,0,17,match,2,peak_2,0.2589243519903057,0
hard,phase_scrambled,0,17,birth,15,peak_3,,0
hard,phase_scrambled,0,17,birth,16,peak_4,,0
hard,phase_scrambled,0,17,reconnect,9,peak_5,0.06938984211305055,1
hard,phase_scrambled,0,17,birth,17,peak_6,,0
hard,phase_scrambled,0,17,birth,18,peak_7,,0
hard,phase_scrambled,0,17,match,11,peak_8,0.03489988227132912,0
hard,phase_scrambled,0,17,match,6,peak_9,0.18379216337575244,0
hard,phase_scrambled,0,17,birth,19,peak_10,,0
hard,phase_scrambled,0,17,match,13,peak_11,0.43607310841915137,0
hard,phase_scrambled,0,17,match,14,peak_12,0.22288607868490118,0
hard,phase_scrambled,0,17,missing,3,,,1
hard,phase_scrambled,0,17,missing,4,,,1
hard,phase_scrambled,0,17,missing,7,,,1
hard,phase_scrambled,0,17,missing,8,,,2
hard,phase_scrambled,0,17,missing,10,,,2
hard,phase_scrambled,0,17,missing,12,,,2
hard,phase_scrambled,0,29,death,8,,,2
hard,phase_scrambled,0,29,death,10,,,2
hard,phase_scrambled,0,29,death,12,,,2
hard,phase_scrambled,0,29,birth,20,peak_1,,0
hard,phase_scrambled,0,29,match,1,peak_2,0.27606081815021,0
hard,phase_scrambled,0,29,match,2,peak_3,0.32650379482839664,0
hard,phase_scrambled,0,29,match,15,peak_4,0.20631906963515334,0
hard,phase_scrambled,0,29,match,16,peak_5,0.3528014208138117,0
hard,phase_scrambled,0,29,birth,21,peak_6,,0
hard,phase_scrambled,0,29,match,17,peak_7,0.1814538883977299,0
hard,phase_scrambled,0,29,match,18,peak_8,0.22927024416300057,0
hard,phase_scrambled,0,29,birth,22,peak_9,,0
hard,phase_scrambled,0,29,birth,23,peak_10,,0
hard,phase_scrambled,0,29,match,6,peak_11,0.486636309483103,0
hard,phase_scrambled,0,29,birth,24,peak_12,,0
hard,phase_scrambled,0,29,match,19,peak_13,0.09153071502419863,0
hard,phase_scrambled,0,29,match,13,peak_14,0.1268205463728016,0
hard,phase_scrambled,0,29,match,14,peak_15,0.012868575295762241,0
hard,phase_scrambled,0,29,missing,3,,,2
hard,phase_scrambled,0,29,missing,4,,,2
hard,phase_scrambled,0,29,missing,7,,,2
hard,phase_scrambled,0,29,missing,9,,,1
hard,phase_scrambled,0,29,missing,11,,,1
hard,phase_scrambled,0,47,death,3,,,2
hard,phase_scrambled,0,47,death,4,,,2
hard,phase_scrambled,0,47,death,7,,,2
hard,phase_scrambled,0,47,match,1,peak_1,0.013136490072268359,0
hard,phase_scrambled,0,47,birth,25,peak_2,,0
hard,phase_scrambled,0,47,match,2,peak_3,0.21097674833325364,0
hard,phase_scrambled,0,47,match,15,peak_4,0.0830838689257849,0
hard,phase_scrambled,0,47,match,16,peak_5,0.17287741865219353,0
hard,phase_scrambled,0,47,match,21,peak_6,0.18803716949018323,0
hard,phase_scrambled,0,47,match,17,peak_7,0.15956989950057476,0
hard,phase_scrambled,0,47,match,18,peak_8,0.24893018127732702,0
hard,phase_scrambled,0,47,reconnect,11,peak_9,0.1023959800477634,1
hard,phase_scrambled,0,47,match,23,peak_10,0.08946486241975293,0
hard,phase_scrambled,0,47,match,6,peak_11,0.2861866766342125,0
hard,phase_scrambled,0,47,match,24,peak_12,0.044902437798661765,0
hard,phase_scrambled,0,47,match,19,peak_13,0.12000566495251874,0
hard,phase_scrambled,0,47,match,13,peak_14,0.40222223224632003,0
hard,phase_scrambled,0,47,birth,26,peak_15,,0
hard,phase_scrambled,0,47,match,14,peak_16,0.10557412353489326,0
hard,phase_scrambled,0,47,missing,9,,,2
hard,phase_scrambled,0,47,missing,20,,,1
hard,phase_scrambled,0,47,missing,22,,,1
hard,phase_scrambled,0,71,death,9,,,2
hard,phase_scrambled,0,71,birth,27,peak_1,,0
hard,phase_scrambled,0,71,reconnect,20,peak_2,0.1843548834735833,1
hard,phase_scrambled,0,71,match,1,peak_3,0.098311377004487,0
hard,phase_scrambled,0,71,match,25,peak_4,0.04672973403556124,0
hard,phase_scrambled,0,71,match,2,peak_5,0.11691857990507781,0
hard,phase_scrambled,0,71,match,15,peak_6,0.02847323431856985,0
hard,phase_scrambled,0,71,match,16,peak_7,0.11285506739739937,0
hard,phase_scrambled,0,71,match,21,peak_8,0.2168453266754291,0
hard,phase_scrambled,0,71,match,17,peak_9,0.26855302358884003,0
hard,phase_scrambled,0,71,match,18,peak_10,0.13928731124713778,0
hard,phase_scrambled,0,71,match,11,peak_11,0.1683855432051189,0
hard,phase_scrambled,0,71,match,23,peak_12,0.04164994051195592,0
hard,phase_scrambled,0,71,match,6,peak_13,0.00980342289121694,0
hard,phase_scrambled,0,71,match,24,peak_14,0.2064825239730652,0
hard,phase_scrambled,0,71,match,19,peak_15,0.11300983629384831,0
hard,phase_scrambled,0,71,match,13,peak_16,0.19468668445264115,0
hard,phase_scrambled,0,71,match,26,peak_17,0.07311481880899606,0
hard,phase_scrambled,0,71,match,14,peak_18,0.008526438269456094,0
hard,phase_scrambled,0,71,missing,22,,,2
hard,phase_scrambled,0,101,death,22,,,2
hard,phase_scrambled,0,101,match,27,peak_1,0.04558993414570367,0
hard,phase_scrambled,0,101,match,20,peak_2,0.003216767600023873,0
hard,phase_scrambled,0,101,match,1,peak_3,0.09046439428088782,0
hard,phase_scrambled,0,101,match,25,peak_4,0.10482161648652966,0
hard,phase_scrambled,0,101,match,2,peak_5,0.13116917649846016,0
hard,phase_scrambled,0,101,match,15,peak_6,0.01739018666659753,0
hard,phase_scrambled,0,101,match,16,peak_7,0.20410337862984385,0
hard,phase_scrambled,0,101,birth,28,peak_8,,0
hard,phase_scrambled,0,101,match,21,peak_9,0.24645889704961732,0
hard,phase_scrambled,0,101,match,17,peak_10,0.03173749961263539,0
hard,phase_scrambled,0,101,match,18,peak_11,0.14676003837148244,0
hard,phase_scrambled,0,101,match,11,peak_12,0.16184407353081198,0
hard,phase_scrambled,0,101,match,23,peak_13,0.08584459535585864,0
hard,phase_scrambled,0,101,match,6,peak_14,0.08545695349683058,0
hard,phase_scrambled,0,101,match,24,peak_15,0.07581063099743801,0
hard,phase_scrambled,0,101,birth,29,peak_16,,0
hard,phase_scrambled,0,101,match,19,peak_17,0.09069470258134871,0
hard,phase_scrambled,0,101,match,13,peak_18,0.05695867597379589,0
hard,phase_scrambled,0,101,match,26,peak_19,0.024948538230674444,0
hard,phase_scrambled,0,101,match,14,peak_20,0.05058550172793019,0
hard,phase_scrambled,0,151,match,27,peak_1,0.12925639739705153,0
hard,phase_scrambled,0,151,match,1,peak_2,0.1659456925980507,0
hard,phase_scrambled,0,151,match,25,peak_3,0.04622099533580304,0
hard,phase_scrambled,0,151,match,2,peak_4,0.04170837905262381,0
hard,phase_scrambled,0,151,match,15,peak_5,0.006333021088703816,0
hard,phase_scrambled,0,151,match,16,peak_6,0.054481657807281536,0
hard,phase_scrambled,0,151,match,21,peak_7,0.04577261397267485,0
hard,phase_scrambled,0,151,match,17,peak_8,0.03349236331111172,0
hard,phase_scrambled,0,151,match,18,peak_9,0.04178267322973639,0
hard,phase_scrambled,0,151,match,11,peak_10,0.04051938196061755,0
hard,phase_scrambled,0,151,birth,30,peak_11,,0
hard,phase_scrambled,0,151,match,23,peak_12,0.0558829823449436,0
hard,phase_scrambled,0,151,match,6,peak_13,0.03839132123473732,0
hard,phase_scrambled,0,151,match,24,peak_14,0.017826528810005016,0
hard,phase_scrambled,0,151,match,29,peak_15,0.03225875856710658,0
hard,phase_scrambled,0,151,match,19,peak_16,0.016485210388420768,0
hard,phase_scrambled,0,151,match,13,peak_17,0.009126566687204019,0
hard,phase_scrambled,0,151,match,26,peak_18,0.04393419785941077,0
hard,phase_scrambled,0,151,match,14,peak_19,0.042433954895543025,0
hard,phase_scrambled,0,151,missing,20,,,1
hard,phase_scrambled,0,151,missing,28,,,1
hard,phase_scrambled,0,211,reconnect,20,peak_1,0.09954064023722586,1
hard,phase_scrambled,0,211,match,1,peak_2,0.004832546850916941,0
hard,phase_scrambled,0,211,match,25,peak_3,0.007492613184531649,0
hard,phase_scrambled,0,211,match,2,peak_4,0.015014349957295892,0
hard,phase_scrambled,0,211,match,15,peak_5,0.010156262324871435,0
hard,phase_scrambled,0,211,match,16,peak_6,0.007553380670392684,0
hard,phase_scrambled,0,211,reconnect,28,peak_7,0.015720572944276867,1
hard,phase_scrambled,0,211,match,21,peak_8,0.07603246773609129,0
hard,phase_scrambled,0,211,match,17,peak_9,0.027516994576373577,0
hard,phase_scrambled,0,211,match,18,peak_10,0.04396130914632579,0
hard,phase_scrambled,0,211,match,11,peak_11,0.009374191464132764,0
hard,phase_scrambled,0,211,match,30,peak_12,0.007330830831786983,0
hard,phase_scrambled,0,211,match,23,peak_13,0.021058045349914067,0
hard,phase_scrambled,0,211,match,6,peak_14,0.02238861446627638,0
hard,phase_scrambled,0,211,match,24,peak_15,0.00764363684012892,0
hard,phase_scrambled,0,211,match,29,peak_16,0.060886809898356375,0
hard,phase_scrambled,0,211,match,19,peak_17,0.02476469743905696,0
hard,phase_scrambled,0,211,match,13,peak_18,0.044194194344932214,0
hard,phase_scrambled,0,211,match,26,peak_19,0.0038553083615866512,0
hard,phase_scrambled,0,211,match,14,peak_20,0.006106076591017029,0
hard,phase_scrambled,0,211,missing,27,,,1
taper,phase_scrambled,0,5,birth,1,peak_1,,0
taper,phase_scrambled,0,5,birth,2,peak_2,,0
taper,phase_scrambled,0,5,birth,3,peak_3,,0
taper,phase_scrambled,0,5,birth,4,peak_4,,0
taper,phase_scrambled,0,5,birth,5,peak_5,,0
taper,phase_scrambled,0,7,match,1,peak_1,0.10679413235119384,0
taper,phase_scrambled,0,7,match,2,peak_2,0.48614045745592627,0
taper,phase_scrambled,0,7,birth,6,peak_3,,0
taper,phase_scrambled,0,7,match,4,peak_4,0.4159453115565839,0
taper,phase_scrambled,0,7,match,5,peak_5,0.04450329051809376,0
taper,phase_scrambled,0,7,missing,3,,,1
taper,phase_scrambled,0,11,match,1,peak_1,0.10180326327832923,0
taper,phase_scrambled,0,11,match,2,peak_2,0.14223844242916783,0
taper,phase_scrambled,0,11,match,6,peak_3,0.2858554390964585,0
taper,phase_scrambled,0,11,birth,7,peak_4,,0
taper,phase_scrambled,0,11,match,4,peak_5,0.38868000680139403,0
taper,phase_scrambled,0,11,match,5,peak_6,0.3589883387952,0
taper,phase_scrambled,0,11,missing,3,,,2
taper,phase_scrambled,0,17,death,3,,,2
taper,phase_scrambled,0,17,birth,8,peak_1,,0
taper,phase_scrambled,0,17,match,1,peak_2,0.06122237444434209,0
taper,phase_scrambled,0,17,match,2,peak_3,0.08154068926107527,0
taper,phase_scrambled,0,17,match,6,peak_4,0.06181182321897438,0
taper,phase_scrambled,0,17,match,7,peak_5,0.3323347248514139,0
taper,phase_scrambled,0,17,match,4,peak_6,0.24920394422913006,0
taper,phase_scrambled,0,17,match,5,peak_7,0.010990192064301851,0
taper,phase_scrambled,0,29,match,8,peak_1,0.19827262396443945,0
taper,phase_scrambled,0,29,match,1,peak_2,0.08533204687809626,0
taper,phase_scrambled,0,29,match,2,peak_3,0.3804014611106652,0
taper,phase_scrambled,0,29,birth,9,peak_4,,0
taper,phase_scrambled,0,29,birth,10,peak_5,,0
taper,phase_scrambled,0,29,match,6,peak_6,0.19019464070714776,0
taper,phase_scrambled,0,29,birth,11,peak_7,,0
taper,phase_scrambled,0,29,match,7,peak_8,0.23639795303914468,0
taper,phase_scrambled,0,29,match,4,peak_9,0.11829748224807446,0
taper,phase_scrambled,0,29,match,5,peak_10,0.03503581730329586,0
taper,phase_scrambled,0,29,birth,12,peak_11,,0
taper,phase_scrambled,0,29,birth,13,peak_12,,0
taper,phase_scrambled,0,47,match,8,peak_1,0.21299206769055523,0
taper,phase_scrambled,0,47,match,1,peak_2,0.12654552750787218,0
taper,phase_scrambled,0,47,birth,14,peak_3,,0
taper,phase_scrambled,0,47,match,2,peak_4,0.22884900616642234,0
taper,phase_scrambled,0,47,match,10,peak_5,0.11818595183233072,0
taper,phase_scrambled,0,47,match,6,peak_6,0.2624832513425943,0
taper,phase_scrambled,0,47,match,11,peak_7,0.09372120303330433,0
taper,phase_scrambled,0,47,match,7,peak_8,0.10979244528061116,0
taper,phase_scrambled,0,47,match,4,peak_9,0.27533510678579276,0
taper,phase_scrambled,0,47,birth,15,peak_10,,0
taper,phase_scrambled,0,47,match,12,peak_11,0.04355391850533863,0
taper,phase_scrambled,0,47,birth,16,peak_12,,0
taper,phase_scrambled,0,47,match,13,peak_13,0.08535597197346334,0
taper,phase_scrambled,0,47,missing,5,,,1
taper,phase_scrambled,0,47,missing,9,,,1
taper,phase_scrambled,0,71,match,8,peak_1,0.09374031479242362,0
taper,phase_scrambled,0,71,match,1,peak_2,0.13911531141544398,0
taper,phase_scrambled,0,71,match,14,peak_3,0.05828885304033449,0
taper,phase_scrambled,0,71,match,2,peak_4,0.03420447679480887,0
taper,phase_scrambled,0,71,match,10,peak_5,0.04329938375605913,0
taper,phase_scrambled,0,71,match,6,peak_6,0.06478346470543173,0
taper,phase_scrambled,0,71,match,11,peak_7,0.053022124426274075,0
taper,phase_scrambled,0,71,match,7,peak_8,0.037260009201041555,0
taper,phase_scrambled,0,71,match,4,peak_9,0.2122964591643246,0
taper,phase_scrambled,0,71,birth,17,peak_10,,0
taper,phase_scrambled,0,71,match,15,peak_11,0.1203690930782706,0
taper,phase_scrambled,0,71,match,12,peak_12,0.06496292840041207,0
taper,phase_scrambled,0,71,match,16,peak_13,0.18138295164342466,0
taper,phase_scrambled,0,71,birth,18,peak_14,,0
taper,phase_scrambled,0,71,match,13,peak_15,0.0536493169464336,0
taper,phase_scrambled,0,71,missing,5,,,2
taper,phase_scrambled,0,71,missing,9,,,2
taper,phase_scrambled,0,101,death,5,,,2
taper,phase_scrambled,0,101,death,9,,,2
taper,phase_scrambled,0,101,match,8,peak_1,0.0006710268980150147,0
taper,phase_scrambled,0,101,match,1,peak_2,0.12273973568527197,0
taper,phase_scrambled,0,101,match,14,peak_3,0.043143338892189576,0
taper,phase_scrambled,0,101,match,2,peak_4,0.06477300432183597,0
taper,phase_scrambled,0,101,match,10,peak_5,0.03982452594721231,0
taper,phase_scrambled,0,101,match,6,peak_6,0.06028484715503879,0
taper,phase_scrambled,0,101,match,11,peak_7,0.01802259962015995,0
taper,phase_scrambled,0,101,match,7,peak_8,0.03731414723482729,0
taper,phase_scrambled,0,101,match,4,peak_9,0.06980196084428059,0
taper,phase_scrambled,0,101,match,17,peak_10,0.08391491660519179,0
taper,phase_scrambled,0,101,match,15,peak_11,0.07234087418075674,0
taper,phase_scrambled,0,101,match,12,peak_12,0.014836494809951972,0
taper,phase_scrambled,0,101,match,16,peak_13,0.0371692496427265,0
taper,phase_scrambled,0,101,match,18,peak_14,0.09291181728942988,0
taper,phase_scrambled,0,101,match,13,peak_15,0.03570573143351652,0
taper,phase_scrambled,0,151,birth,19,peak_1,,0
taper,phase_scrambled,0,151,match,8,peak_2,0.00274138686121006,0
taper,phase_scrambled,0,151,birth,20,peak_3,,0
taper,phase_scrambled,0,151,match,1,peak_4,0.13412236854780524,0
taper,phase_scrambled,0,151,match,14,peak_5,0.03467671542053985,0
taper,phase_scrambled,0,151,match,2,peak_6,0.13701659377244724,0
taper,phase_scrambled,0,151,match,10,peak_7,0.2226032334065735,0
taper,phase_scrambled,0,151,match,6,peak_8,0.12749533231011156,0
taper,phase_scrambled,0,151,match,11,peak_9,0.0468446489129839,0
taper,phase_scrambled,0,151,match,7,peak_10,0.023562917607691247,0
taper,phase_scrambled,0,151,match,4,peak_11,0.0028576029353928334,0
taper,phase_scrambled,0,151,match,17,peak_12,0.05672653714634279,0
taper,phase_scrambled,0,151,match,15,peak_13,0.1283918393777519,0
taper,phase_scrambled,0,151,match,12,peak_14,0.05227143232046316,0
taper,phase_scrambled,0,151,match,16,peak_15,0.056057240029790734,0
taper,phase_scrambled,0,151,match,18,peak_16,0.06434654864839828,0
taper,phase_scrambled,0,151,match,13,peak_17,0.04849790704641066,0
taper,phase_scrambled,0,211,birth,21,peak_1,,0
taper,phase_scrambled,0,211,match,19,peak_2,0.022195599381610753,0
taper,phase_scrambled,0,211,match,8,peak_3,0.033588875411651564,0
taper,phase_scrambled,0,211,match,20,peak_4,0.0018402523998135578,0
taper,phase_scrambled,0,211,match,1,peak_5,0.0556186372972185,0
taper,phase_scrambled,0,211,match,14,peak_6,0.015586716713663407,0
taper,phase_scrambled,0,211,match,2,peak_7,0.0871302533469791,0
taper,phase_scrambled,0,211,match,10,peak_8,0.05123700512777063,0
taper,phase_scrambled,0,211,match,6,peak_9,0.04740156372271187,0
taper,phase_scrambled,0,211,match,11,peak_10,0.01677318583306331,0
taper,phase_scrambled,0,211,match,7,peak_11,0.020222216995463782,0
taper,phase_scrambled,0,211,match,4,peak_12,0.03000175973008723,0
taper,phase_scrambled,0,211,match,17,peak_13,0.03829529318277736,0
taper,phase_scrambled,0,211,match,15,peak_14,0.06353130364421844,0
taper,phase_scrambled,0,211,birth,22,peak_15,,0
taper,phase_scrambled,0,211,match,12,peak_16,0.027961321930465743,0
taper,phase_scrambled,0,211,match,16,peak_17,0.015509252798988626,0
taper,phase_scrambled,0,211,match,18,peak_18,0.026797976522150435,0
taper,phase_scrambled,0,211,match,13,peak_19,0.03564210832882253,0
hard,phase_scrambled,1,5,birth,1,peak_1,,0
hard,phase_scrambled,1,5,birth,2,peak_2,,0
hard,phase_scrambled,1,5,birth,3,peak_3,,0
hard,phase_scrambled,1,5,birth,4,peak_4,,0
hard,phase_scrambled,1,5,birth,5,peak_5,,0
hard,phase_scrambled,1,5,birth,6,peak_6,,0
hard,phase_scrambled,1,5,birth,7,peak_7,,0
hard,phase_scrambled,1,5,birth,8,peak_8,,0
hard,phase_scrambled,1,7,match,1,peak_1,0.1247527049655841,0
hard,phase_scrambled,1,7,birth,9,peak_2,,0
hard,phase_scrambled,1,7,match,3,peak_3,0.22288151705562775,0
hard,phase_scrambled,1,7,match,4,peak_4,0.4173789325625368,0
hard,phase_scrambled,1,7,birth,10,peak_5,,0
hard,phase_scrambled,1,7,match,5,peak_6,0.014784791928207142,0
hard,phase_scrambled,1,7,match,6,peak_7,0.3805022489949863,0
hard,phase_scrambled,1,7,match,7,peak_8,0.3754036332196904,0
hard,phase_scrambled,1,7,birth,11,peak_9,,0
hard,phase_scrambled,1,7,birth,12,peak_10,,0
hard,phase_scrambled,1,7,missing,2,,,1
hard,phase_scrambled,1,7,missing,8,,,1
hard,phase_scrambled,1,11,match,1,peak_1,0.04113676430331381,0
hard,phase_scrambled,1,11,birth,13,peak_2,,0
hard,phase_scrambled,1,11,match,3,peak_3,0.3399055111499827,0
hard,phase_scrambled,1,11,match,4,peak_4,0.007094359701845576,0
hard,phase_scrambled,1,11,match,10,peak_5,0.11657777978036421,0
hard,phase_scrambled,1,11,match,5,peak_6,0.15913388778322357,0
hard,phase_scrambled,1,11,match,6,peak_7,0.14742941469484805,0
hard,phase_scrambled,1,11,match,7,peak_8,0.1392568852561631,0
hard,phase_scrambled,1,11,match,11,peak_9,0.20495627328796218,0
hard,phase_scrambled,1,11,match,12,peak_10,0.22842804971936204,0
hard,phase_scrambled,1,11,missing,2,,,2
hard,phase_scrambled,1,11,missing,8,,,2
hard,phase_scrambled,1,11,missing,9,,,1
hard,phase_scrambled,1,17,death,2,,,2
hard,phase_scrambled,1,17,death,8,,,2
hard,phase_scrambled,1,17,match,1,peak_1,0.08412540250049627,0
hard,phase_scrambled,1,17,match,13,peak_2,0.09431135542740332,0
hard,phase_scrambled,1,17,birth,14,peak_3,,0
hard,phase_scrambled,1,17,match,3,peak_4,0.282852072990476,0
hard,phase_scrambled,1,17,match,4,peak_5,0.10998683132915765,0
hard,phase_scrambled,1,17,match,10,peak_6,0.14435114942119753,0
hard,phase_scrambled,1,17,ambiguous_birth,15,peak_7,0.46655065370133286,0
hard,phase_scrambled,1,17,ambiguous_birth,16,peak_8,0.4845036345067655,0
hard,phase_scrambled,1,17,match,6,peak_9,0.3410413475103091,0
hard,phase_scrambled,1,17,match,7,peak_10,0.05383071179334209,0
hard,phase_scrambled,1,17,match,11,peak_11,0.02955862945847798,0
hard,phase_scrambled,1,17,match,12,peak_12,0.246434725454737,0
hard,phase_scrambled,1,17,missing,5,,,1
hard,phase_scrambled,1,17,missing,9,,,2
hard,phase_scrambled,1,29,death,9,,,2
hard,phase_scrambled,1,29,match,1,peak_1,0.21242974457908348,0
hard,phase_scrambled,1,29,match,13,peak_2,0.07131460337420403,0
hard,phase_scrambled,1,29,birth,17,peak_3,,0
hard,phase_scrambled,1,29,match,3,peak_4,0.07540568589172558,0
hard,phase_scrambled,1,29,match,4,peak_5,0.059496596511676714,0
hard,phase_scrambled,1,29,match,10,peak_6,0.12831449819582375,0
hard,phase_scrambled,1,29,match,15,peak_7,0.09089387557601114,0
hard,phase_scrambled,1,29,birth,18,peak_8,,0
hard,phase_scrambled,1,29,match,6,peak_9,0.3238581873669517,0
hard,phase_scrambled,1,29,match,7,peak_10,0.3317855479150147,0
hard,phase_scrambled,1,29,match,11,peak_11,0.1146871324156642,0
hard,phase_scrambled,1,29,match,12,peak_12,0.11703307528529905,0
hard,phase_scrambled,1,29,missing,5,,,2
hard,phase_scrambled,1,29,missing,14,,,1
hard,phase_scrambled,1,29,missing,16,,,1
hard,phase_scrambled,1,47,death,5,,,2
hard,phase_scrambled,1,47,match,1,peak_1,0.0177195705877633,0
hard,phase_scrambled,1,47,match,13,peak_2,0.12531959398164272,0
hard,phase_scrambled,1,47,match,17,peak_3,0.1683072935922585,0
hard,phase_scrambled,1,47,reconnect,14,peak_4,0.1409280969556974,1
hard,phase_scrambled,1,47,match,3,peak_5,0.14744975817741235,0
hard,phase_scrambled,1,47,match,4,peak_6,0.21361653417109494,0
hard,phase_scrambled,1,47,match,10,peak_7,0.08663857734562264,0
hard,phase_scrambled,1,47,birth,19,peak_8,,0
hard,phase_scrambled,1,47,match,15,peak_9,0.11733529848787683,0
hard,phase_scrambled,1,47,match,18,peak_10,0.006698589491243467,0
hard,phase_scrambled,1,47,match,6,peak_11,0.031049083585777737,0
hard,phase_scrambled,1,47,match,7,peak_12,0.1301867842353417,0
hard,phase_scrambled,1,47,match,11,peak_13,0.3690576756793078,0
hard,phase_scrambled,1,47,match,12,peak_14,0.36662803700053104,0
hard,phase_scrambled,1,47,birth,20,peak_15,,0
hard,phase_scrambled,1,47,missing,16,,,2
hard,phase_scrambled,1,71,death,16,,,2
hard,phase_scrambled,1,71,birth,21,peak_1,,0
hard,phase_scrambled,1,71,match,1,peak_2,0.1324589457917691,0
hard,phase_scrambled,1,71,match,13,peak_3,0.4149502806652734,0
hard,phase_scrambled,1,71,match,17,peak_4,0.011816915896812219,0
hard,phase_scrambled,1,71,match,14,peak_5,0.2045698185092526,0
hard,phase_scrambled,1,71,match,3,peak_6,0.011477446695394633,0
hard,phase_scrambled,1,71,birth,22,peak_7,,0
hard,phase_scrambled,1,71,match,4,peak_8,0.016973816055982027,0
hard,phase_scrambled,1,71,match,10,peak_9,0.0843309329942592,0
hard,phase_scrambled,1,71,match,19,peak_10,0.0527241551616946,0
hard,phase_scrambled,1,71,match,15,peak_11,0.0501538018619776,0
hard,phase_scrambled,1,71,match,18,peak_12,0.06428737153347797,0
hard,phase_scrambled,1,71,match,6,peak_13,0.004594939084345384,0
hard,phase_scrambled,1,71,birth,23,peak_14,,0
hard,phase_scrambled,1,71,match,7,peak_15,0.021544301756058815,0
hard,phase_scrambled,1,71,birth,24,peak_16,,0
hard,phase_scrambled,1,71,match,11,peak_17,0.034206247602533324,0
hard,phase_scrambled,1,71,match,12,peak_18,0.004259036665089866,0
hard,phase_scrambled,1,71,match,20,peak_19,0.07699050180175959,0
hard,phase_scrambled,1,101,match,21,peak_1,0.02536972514213587,0
hard,phase_scrambled,1,101,match,1,peak_2,0.023972932277656067,0
hard,phase_scrambled,1,101,match,13,peak_3,0.05872668650567192,0
hard,phase_scrambled,1,101,match,17,peak_4,0.013884729118666783,0
hard,phase_scrambled,1,101,match,14,peak_5,0.0004203773291369117,0
hard,phase_scrambled,1,101,match,3,peak_6,0.0012614438507068115,0
hard,phase_scrambled,1,101,match,22,peak_7,0.020510440015486964,0
hard,phase_scrambled,1,101,match,4,peak_8,0.027951168988225916,0
hard,phase_scrambled,1,101,match,10,peak_9,0.045209237768771615,0
hard,phase_scrambled,1,101,match,19,peak_10,0.10319286572424957,0
hard,phase_scrambled,1,101,match,15,peak_11,0.003945910248098983,0
hard,phase_scrambled,1,101,match,18,peak_12,0.031237010833102374,0
hard,phase_scrambled,1,101,match,6,peak_13,0.0036432979841798385,0
hard,phase_scrambled,1,101,match,23,peak_14,0.013260944903127125,0
hard,phase_scrambled,1,101,match,7,peak_15,0.0099931297865119,0
hard,phase_scrambled,1,101,match,24,peak_16,0.19634018785579954,0
hard,phase_scrambled,1,101,match,11,peak_17,0.23438415662950973,0
hard,phase_scrambled,1,101,birth,25,peak_18,,0
hard,phase_scrambled,1,101,match,20,peak_19,0.25007683423200433,0
hard,phase_scrambled,1,101,missing,12,,,1
hard,phase_scrambled,1,151,match,21,peak_1,0.022315360900650116,0
hard,phase_scrambled,1,151,match,1,peak_2,0.07369276576341743,0
hard,phase_scrambled,1,151,match,13,peak_3,0.18941090706612318,0
hard,phase_scrambled,1,151,match,17,peak_4,0.19152347184298968,0
hard,phase_scrambled,1,151,match,14,peak_5,0.15207199565373664,0
hard,phase_scrambled,1,151,match,3,peak_6,0.03296067544049919,0
hard,phase_scrambled,1,151,match,22,peak_7,0.020344138960879832,0
hard,phase_scrambled,1,151,match,4,peak_8,0.06910049157167997,0
hard,phase_scrambled,1,151,match,10,peak_9,0.07677734662565427,0
hard,phase_scrambled,1,151,match,19,peak_10,0.09590151496426458,0
hard,phase_scrambled,1,151,match,15,peak_11,0.053858188011961516,0
hard,phase_scrambled,1,151,match,18,peak_12,0.00011461441058457922,0
hard,phase_scrambled,1,151,match,6,peak_13,0.07924703655289989,0
hard,phase_scrambled,1,151,match,23,peak_14,0.13965517751549683,0
hard,phase_scrambled,1,151,match,7,peak_15,0.05397389650380191,0
hard,phase_scrambled,1,151,match,24,peak_16,0.14618306404001302,0
hard,phase_scrambled,1,151,match,11,peak_17,0.07524037170117026,0
hard,phase_scrambled,1,151,match,25,peak_18,0.13248444544067794,0
hard,phase_scrambled,1,151,reconnect,12,peak_19,0.2179670938854379,1
hard,phase_scrambled,1,151,match,20,peak_20,0.10025984666817322,0
hard,phase_scrambled,1,211,match,21,peak_1,0.12770811907454327,0
hard,phase_scrambled,1,211,match,1,peak_2,0.20601677815202635,0
hard,phase_scrambled,1,211,match,13,peak_3,0.3751085352137675,0
hard,phase_scrambled,1,211,match,17,peak_4,0.3239188490641949,0
hard,phase_scrambled,1,211,match,14,peak_5,0.04469143240878104,0
hard,phase_scrambled,1,211,match,3,peak_6,0.06706812115668548,0
hard,phase_scrambled,1,211,match,22,peak_7,0.05324882122104668,0
hard,phase_scrambled,1,211,match,4,peak_8,0.03452770992296017,0
hard,phase_scrambled,1,211,match,10,peak_9,0.05419156354133925,0
hard,phase_scrambled,1,211,match,19,peak_10,0.002878193724153988,0
hard,phase_scrambled,1,211,match,15,peak_11,0.07270236632862748,0
hard,phase_scrambled,1,211,match,18,peak_12,0.038642459555433106,0
hard,phase_scrambled,1,211,match,6,peak_13,0.011191449207348825,0
hard,phase_scrambled,1,211,match,23,peak_14,0.09788772278452029,0
hard,phase_scrambled,1,211,match,7,peak_15,0.04218240147244501,0
hard,phase_scrambled,1,211,match,24,peak_16,0.022702205371224693,0
hard,phase_scrambled,1,211,match,11,peak_17,0.004233000843196777,0
hard,phase_scrambled,1,211,match,25,peak_18,0.025885637458966215,0
hard,phase_scrambled,1,211,match,12,peak_19,0.06537788722081572,0
hard,phase_scrambled,1,211,match,20,peak_20,0.05354178767893103,0
taper,phase_scrambled,1,5,birth,1,peak_1,,0
taper,phase_scrambled,1,5,birth,2,peak_2,,0
taper,phase_scrambled,1,5,birth,3,peak_3,,0
taper,phase_scrambled,1,5,birth,4,peak_4,,0
taper,phase_scrambled,1,5,birth,5,peak_5,,0
taper,phase_scrambled,1,5,birth,6,peak_6,,0
taper,phase_scrambled,1,7,match,1,peak_1,0.20054105459856286,0
taper,phase_scrambled,1,7,match,2,peak_2,0.1726547354111041,0
taper,phase_scrambled,1,7,birth,7,peak_3,,0
taper,phase_scrambled,1,7,match,4,peak_4,0.4364095535108312,0
taper,phase_scrambled,1,7,match,5,peak_5,0.3589845064693904,0
taper,phase_scrambled,1,7,match,6,peak_6,0.09867634926903435,0
taper,phase_scrambled,1,7,missing,3,,,1
taper,phase_scrambled,1,11,match,1,peak_1,0.17361506287324424,0
taper,phase_scrambled,1,11,match,2,peak_2,0.08450393388378252,0
taper,phase_scrambled,1,11,match,7,peak_3,0.1333953165433197,0
taper,phase_scrambled,1,11,birth,8,peak_4,,0
taper,phase_scrambled,1,11,match,4,peak_5,0.30434829253566775,0
taper,phase_scrambled,1,11,birth,9,peak_6,,0
taper,phase_scrambled,1,11,match,5,peak_7,0.41256663936555427,0
taper,phase_scrambled,1,11,match,6,peak_8,0.2669097791789419,0
taper,phase_scrambled,1,11,missing,3,,,2
taper,phase_scrambled,1,17,death,3,,,2
taper,phase_scrambled,1,17,match,1,peak_1,0.10878400045454883,0
taper,phase_scrambled,1,17,match,2,peak_2,0.18051653676166524,0
taper,phase_scrambled,1,17,match,7,peak_3,0.06664642070487936,0
taper,phase_scrambled,1,17,match,8,peak_4,0.08765902436892148,0
taper,phase_scrambled,1,17,match,4,peak_5,0.15773272088297574,0
taper,phase_scrambled,1,17,match,9,peak_6,0.167248655743645,0
taper,phase_scrambled,1,17,match,5,peak_7,0.14649506906515697,0
taper,phase_scrambled,1,17,birth,10,peak_8,,0
taper,phase_scrambled,1,17,match,6,peak_9,0.312067461879753,0
taper,phase_scrambled,1,29,match,1,peak_1,0.04137636896261432,0
taper,phase_scrambled,1,29,birth,11,peak_2,,0
taper,phase_scrambled,1,29,match,2,peak_3,0.23233130081948516,0
taper,phase_scrambled,1,29,match,7,peak_4,0.046030077588884666,0
taper,phase_scrambled,1,29,match,8,peak_5,0.02653891127241259,0
taper,phase_scrambled,1,29,match,4,peak_6,0.3450519559155829,0
taper,phase_scrambled,1,29,match,9,peak_7,0.29042762907386077,0
taper,phase_scrambled,1,29,match,5,peak_8,0.10327194345415336,0
taper,phase_scrambled,1,29,match,10,peak_9,0.2260915150463454,0
taper,phase_scrambled,1,29,match,6,peak_10,0.04428078556831849,0
taper,phase_scrambled,1,47,match,1,peak_1,0.041318018670891465,0
taper,phase_scrambled,1,47,match,11,peak_2,0.02900676474959596,0
taper,phase_scrambled,1,47,match,2,peak_3,0.10173143659868167,0
taper,phase_scrambled,1,47,match,7,peak_4,0.012883559286089863,0
taper,phase_scrambled,1,47,match,8,peak_5,0.07122311734072007,0
taper,phase_scrambled,1,47,match,4,peak_6,0.06405117797454096,0
taper,phase_scrambled,1,47,match,9,peak_7,0.2760995581605066,0
taper,phase_scrambled,1,47,match,5,peak_8,0.200010229518913,0
taper,phase_scrambled,1,47,match,10,peak_9,0.09735845868424775,0
taper,phase_scrambled,1,47,match,6,peak_10,0.0315413113879508,0
taper,phase_scrambled,1,71,match,1,peak_1,0.03610178691140531,0
taper,phase_scrambled,1,71,match,11,peak_2,0.03362233533880943,0
taper,phase_scrambled,1,71,birth,12,peak_3,,0
taper,phase_scrambled,1,71,match,2,peak_4,0.020510214907250912,0
taper,phase_scrambled,1,71,match,7,peak_5,0.058251246250160094,0
taper,phase_scrambled,1,71,match,8,peak_6,0.134235406930312,0
taper,phase_scrambled,1,71,match,4,peak_7,0.024133567320181015,0
taper,phase_scrambled,1,71,birth,13,peak_8,,0
taper,phase_scrambled,1,71,match,9,peak_9,0.06727885323898519,0
taper,phase_scrambled,1,71,match,5,peak_10,0.07459608213997271,0
taper,phase_scrambled,1,71,match,10,peak_11,0.04068402938841231,0
taper,phase_scrambled,1,71,match,6,peak_12,0.21012152689817754,0
taper,phase_scrambled,1,101,match,1,peak_1,0.039247879319208145,0
taper,phase_scrambled,1,101,match,11,peak_2,0.05497155152439337,0
taper,phase_scrambled,1,101,birth,14,peak_3,,0
taper,phase_scrambled,1,101,match,12,peak_4,0.148352016333547,0
taper,phase_scrambled,1,101,match,2,peak_5,0.003737187881910131,0
taper,phase_scrambled,1,101,match,7,peak_6,0.02288813573398052,0
taper,phase_scrambled,1,101,match,8,peak_7,0.06421977863330852,0
taper,phase_scrambled,1,101,birth,15,peak_8,,0
taper,phase_scrambled,1,101,match,4,peak_9,0.02742719589760867,0
taper,phase_scrambled,1,101,match,13,peak_10,0.0011141248893054012,0
taper,phase_scrambled,1,101,match,9,peak_11,0.0005909382074769098,0
taper,phase_scrambled,1,101,match,5,peak_12,0.03858707586947574,0
taper,phase_scrambled,1,101,match,10,peak_13,0.07402234048440093,0
taper,phase_scrambled,1,101,match,6,peak_14,0.15104225266464866,0
taper,phase_scrambled,1,151,birth,16,peak_1,,0
taper,phase_scrambled,1,151,match,1,peak_2,0.05456003196357351,0
taper,phase_scrambled,1,151,match,11,peak_3,0.09056573607740237,0
taper,phase_scrambled,1,151,match,14,peak_4,0.0366232253326757,0
taper,phase_scrambled,1,151,match,12,peak_5,0.056399062369196784,0
taper,phase_scrambled,1,151,match,2,peak_6,0.007701715542037135,0
taper,phase_scrambled,1,151,match,7,peak_7,0.008101982776230088,0
taper,phase_scrambled,1,151,match,8,peak_8,0.02745548499905759,0
taper,phase_scrambled,1,151,match,15,peak_9,0.03807900695258226,0
taper,phase_scrambled,1,151,match,4,peak_10,0.02637821991624989,0
taper,phase_scrambled,1,151,match,13,peak_11,0.0009287675742370993,0
taper,phase_scrambled,1,151,match,9,peak_12,0.0025499471867682644,0
taper,phase_scrambled,1,151,birth,17,peak_13,,0
taper,phase_scrambled,1,151,match,5,peak_14,0.02463781394111564,0
taper,phase_scrambled,1,151,match,10,peak_15,0.0013062950016795583,0
taper,phase_scrambled,1,151,match,6,peak_16,0.029262316268457766,0
taper,phase_scrambled,1,151,birth,18,peak_17,,0
taper,phase_scrambled,1,211,match,16,peak_1,0.04391670567290573,0
taper,phase_scrambled,1,211,match,1,peak_2,0.05225502774405921,0
taper,phase_scrambled,1,211,match,11,peak_3,0.002969105268941341,0
taper,phase_scrambled,1,211,match,14,peak_4,0.007541051177684999,0
taper,phase_scrambled,1,211,match,12,peak_5,0.037854131553983095,0
taper,phase_scrambled,1,211,match,2,peak_6,0.01612776188535925,0
taper,phase_scrambled,1,211,birth,19,peak_7,,0
taper,phase_scrambled,1,211,match,7,peak_8,0.025157281373296314,0
taper,phase_scrambled,1,211,match,8,peak_9,0.03458917673169282,0
taper,phase_scrambled,1,211,match,15,peak_10,0.013727189460404077,0
taper,phase_scrambled,1,211,match,4,peak_11,0.0054251838359498095,0
taper,phase_scrambled,1,211,match,13,peak_12,0.007170786021760023,0
taper,phase_scrambled,1,211,match,9,peak_13,0.019691674344414878,0
taper,phase_scrambled,1,211,match,17,peak_14,0.061375216860824366,0
taper,phase_scrambled,1,211,match,5,peak_15,0.03837451187328611,0
taper,phase_scrambled,1,211,match,10,peak_16,0.04178035464680363,0
taper,phase_scrambled,1,211,birth,20,peak_17,,0
taper,phase_scrambled,1,211,match,6,peak_18,0.06958523658523319,0
taper,phase_scrambled,1,211,match,18,peak_19,0.03538841271696924,0
hard,shuffled_rates,0,5,birth,1,peak_1,,0
hard,shuffled_rates,0,5,birth,2,peak_2,,0
hard,shuffled_rates,0,5,birth,3,peak_3,,0
hard,shuffled_rates,0,5,birth,4,peak_4,,0
hard,shuffled_rates,0,5,birth,5,peak_5,,0
hard,shuffled_rates,0,5,birth,6,peak_6,,0
hard,shuffled_rates,0,5,birth,7,peak_7,,0
hard,shuffled_rates,0,5,birth,8,peak_8,,0
hard,shuffled_rates,0,5,birth,9,peak_9,,0
hard,shuffled_rates,0,5,birth,10,peak_10,,0
hard,shuffled_rates,0,5,birth,11,peak_11,,0
hard,shuffled_rates,0,5,birth,12,peak_12,,0
hard,shuffled_rates,0,7,match,1,peak_1,0.3620820832157974,0
hard,shuffled_rates,0,7,match,2,peak_2,0.02804334830930344,0
hard,shuffled_rates,0,7,match,3,peak_3,0.4081425661199267,0
hard,shuffled_rates,0,7,birth,13,peak_4,,0
hard,shuffled_rates,0,7,birth,14,peak_5,,0
hard,shuffled_rates,0,7,match,5,peak_6,0.2904836519277829,0
hard,shuffled_rates,0,7,match,6,peak_7,0.35338591359744953,0
hard,shuffled_rates,0,7,match,7,peak_8,0.3893088393506048,0
hard,shuffled_rates,0,7,match,8,peak_9,0.05780081654117808,0
hard,shuffled_rates,0,7,match,9,peak_10,0.39000084422112025,0
hard,shuffled_rates,0,7,match,10,peak_11,0.14862622948720983,0
hard,shuffled_rates,0,7,match,11,peak_12,0.1685584846041408,0
hard,shuffled_rates,0,7,birth,15,peak_13,,0
hard,shuffled_rates,0,7,missing,4,,,1
hard,shuffled_rates,0,7,missing,12,,,1
hard,shuffled_rates,0,11,match,1,peak_1,0.28711063384082935,0
hard,shuffled_rates,0,11,match,2,peak_2,0.22004130394353272,0
hard,shuffled_rates,0,11,match,3,peak_3,0.16673974575128714,0
hard,shuffled_rates,0,11,match,13,peak_4,0.18712733177360974,0
hard,shuffled_rates,0,11,match,5,peak_5,0.09753357730877354,0
hard,shuffled_rates,0,11,match,6,peak_6,0.13570601683684202,0
hard,shuffled_rates,0,11,match,7,peak_7,0.42464171650024696,0
hard,shuffled_rates,0,11,match,8,peak_8,0.3892420290718448,0
hard,shuffled_rates,0,11,match,9,peak_9,0.036163578821966524,0
hard,shuffled_rates,0,11,match,10,peak_10,0.10268460785784583,0
hard,shuffled_rates,0,11,match,11,peak_11,0.06159752098026772,0
hard,shuffled_rates,0,11,match,15,peak_12,0.09838114898662553,0
hard,shuffled_rates,0,11,missing,4,,,2
hard,shuffled_rates,0,11,missing,12,,,2
hard,shuffled_rates,0,11,missing,14,,,1
hard,shuffled_rates,0,17,death,4,,,2
hard,shuffled_rates,0,17,death,12,,,2
hard,shuffled_rates,0,17,match,1,peak_1,0.30237470466906213,0
hard,shuffled_rates,0,17,birth,16,peak_2,,0
hard,shuffled_rates,0,17,birth,17,peak_3,,0
hard,shuffled_rates,0,17,match,3,peak_4,0.06457968709546158,0
hard,shuffled_rates,0,17,match,13,peak_5,0.3174127134527769,0
hard,shuffled_rates,0,17,match,5,peak_6,0.0881161567130615,0
hard,shuffled_rates,0,17,match,6,peak_7,0.1360614787472656,0
hard,shuffled_rates,0,17,birth,18,peak_8,,0
hard,shuffled_rates,0,17,match,8,peak_9,0.3233903078752647,0
hard,shuffled_rates,0,17,match,9,peak_10,0.3409030867346239,0
hard,shuffled_rates,0,17,match,10,peak_11,0.038279472932789105,0
hard,shuffled_rates,0,17,match,11,peak_12,0.018376743294592046,0
hard,shuffled_rates,0,17,match,15,peak_13,0.17508708174027987,0
hard,shuffled_rates,0,17,birth,19,peak_14,,0
hard,shuffled_rates,0,17,missing,2,,,1
hard,shuffled_rates,0,17,missing,7,,,1
hard,shuffled_rates,0,17,missing,14,,,2
hard,shuffled_rates,0,29,death,14,,,2
hard,shuffled_rates,0,29,match,1,peak_1,0.23022822429925127,0
hard,shuffled_rates,0,29,match,16,peak_2,0.306658563262197,0
hard,shuffled_rates,0,29,reconnect,2,peak_3,0.3464528414968644,1
hard,shuffled_rates,0,29,match,3,peak_4,0.016774924543727643,0
hard,shuffled_rates,0,29,match,13,peak_5,0.265267627934481,0
hard,shuffled_rates,0,29,birth,20,peak_6,,0
hard,shuffled_rates,0,29,match,5,peak_7,0.05569322547508904,0
hard,shuffled_rates,0,29,match,6,peak_8,0.13374200820114623,0
hard,shuffled_rates,0,29,match,18,peak_9,0.15098422923126265,0
hard,shuffled_rates,0,29,match,8,peak_10,0.06902458217384577,0
hard,shuffled_rates,0,29,birth,21,peak_11,,0
hard,shuffled_rates,0,29,match,9,peak_12,0.09423472877502093,0
hard,shuffled_rates,0,29,birth,22,peak_13,,0
hard,shuffled_rates,0,29,match,11,peak_14,0.26868490059584715,0
hard,shuffled_rates,0,29,match,15,peak_15,0.06407962149281587,0
hard,shuffled_rates,0,29,match,19,peak_16,0.08116589773219118,0
hard,shuffled_rates,0,29,missing,7,,,2
hard,shuffled_rates,0,29,missing,10,,,1
hard,shuffled_rates,0,29,missing,17,,,1
hard,shuffled_rates,0,47,death,7,,,2
hard,shuffled_rates,0,47,match,1,peak_1,0.19783813552150575,0
hard,shuffled_rates,0,47,match,16,peak_2,0.3212110559586172,0
hard,shuffled_rates,0,47,match,2,peak_3,0.4515432422580563,0
hard,shuffled_rates,0,47,reconnect,17,peak_4,0.08977490479638028,1
hard,shuffled_rates,0,47,match,3,peak_5,0.3200052898080372,0
hard,shuffled_rates,0,47,match,13,peak_6,0.3393972192645833,0
hard,shuffled_rates,0,47,birth,23,peak_7,,0
hard,shuffled_rates,0,47,match,20,peak_8,0.03795063057375714,0
hard,shuffled_rates,0,47,match,5,peak_9,0.03104139568932851,0
hard,shuffled_rates,0,47,match,6,peak_10,0.26846591014187027,0
hard,shuffled_rates,0,47,birth,24,peak_11,,0
hard,shuffled_rates,0,47,match,18,peak_12,0.3444690368909278,0
hard,shuffled_rates,0,47,match,8,peak_13,0.027603761298401253,0
hard,shuffled_rates,0,47,match,21,peak_14,0.029811792325755704,0
hard,shuffled_rates,0,47,match,9,peak_15,0.03785021697845181,0
hard,shuffled_rates,0,47,match,22,peak_16,0.07190511983840508,0
hard,shuffled_rates,0,47,reconnect,10,peak_17,0.33470332272009884,1
hard,shuffled_rates,0,47,match,11,peak_18,0.032472532117157726,0
hard,shuffled_rates,0,47,match,15,peak_19,0.08189494474067516,0
hard,shuffled_rates,0,47,match,19,peak_20,0.042925514482796245,0
hard,shuffled_rates,0,71,match,1,peak_1,0.10841268264953174,0
hard,shuffled_rates,0,71,match,16,peak_2,0.23609581625177967,0
hard,shuffled_rates,0,71,match,2,peak_3,0.3922755823003561,0
hard,shuffled_rates,0,71,birth,25,peak_4,,0
hard,shuffled_rates,0,71,match,3,peak_5,0.3005587196007493,0
hard,shuffled_rates,0,71,birth,26,peak_6,,0
hard,shuffled_rates,0,71,match,13,peak_7,0.3978228231593661,0
hard,shuffled_rates,0,71,match,20,peak_8,0.1290315925139307,0
hard,shuffled_rates,0,71,match,5,peak_9,0.06337222729743353,0
hard,shuffled_rates,0,71,match,6,peak_10,0.06768879238905612,0
hard,shuffled_rates,0,71,match,24,peak_11,0.006938740093549001,0
hard,shuffled_rates,0,71,match,18,peak_12,0.0337884600887044,0
hard,shuffled_rates,0,71,match,8,peak_13,0.0715114140082953,0
hard,shuffled_rates,0,71,match,21,peak_14,0.02670210445671728,0
hard,shuffled_rates,0,71,match,9,peak_15,0.03310029069906051,0
hard,shuffled_rates,0,71,match,22,peak_16,0.10765596772746733,0
hard,shuffled_rates,0,71,match,10,peak_17,0.0061155340295471206,0
hard,shuffled_rates,0,71,match,11,peak_18,0.036566159916688434,0
hard,shuffled_rates,0,71,match,15,peak_19,0.05371665114174817,0
hard,shuffled_rates,0,71,match,19,peak_20,0.07048987339184265,0
hard,shuffled_rates,0,71,missing,17,,,1
hard,shuffled_rates,0,71,missing,23,,,1
hard,shuffled_rates,0,101,match,1,peak_1,0.08193396604151626,0
hard,shuffled_rates,0,101,match,16,peak_2,0.19385695019183524,0
hard,shuffled_rates,0,101,match,2,peak_3,0.4019695124720988,0
hard,shuffled_rates,0,101,match,25,peak_4,0.3624062219683237,0
hard,shuffled_rates,0,101,reconnect,17,peak_5,0.31358951716439254,1
hard,shuffled_rates,0,101,match,13,peak_6,0.3911636830223326,0
hard,shuffled_rates,0,101,match,20,peak_7,0.05149848879112895,0
hard,shuffled_rates,0,101,match,5,peak_8,0.011950354533228236,0
hard,shuffled_rates,0,101,match,6,peak_9,0.010783022568286782,0
hard,shuffled_rates,0,101,match,24,peak_10,0.23092602669806084,0
hard,shuffled_rates,0,101,match,18,peak_11,0.06391507286723197,0
hard,shuffled_rates,0,101,match,8,peak_12,0.013786514323101073,0
hard,shuffled_rates,0,101,match,9,peak_13,0.06404907550253469,0
hard,shuffled_rates,0,101,match,22,peak_14,0.1691287966946824,0
hard,shuffled_rates,0,101,match,10,peak_15,0.05508740937424861,0
hard,shuffled_rates,0,101,match,11,peak_16,0.03871673709836898,0
hard,shuffled_rates,0,101,match,15,peak_17,0.03098902186928143,0
hard,shuffled_rates,0,101,match,19,peak_18,0.027106892370156288,0
hard,shuffled_rates,0,101,missing,3,,,1
hard,shuffled_rates,0,101,missing,21,,,1
hard,shuffled_rates,0,101,missing,23,,,2
hard,shuffled_rates,0,101,missing,26,,,1
hard,shuffled_rates,0,151,death,23,,,2
hard,shuffled_rates,0,151,match,1,peak_1,0.08499691816421029,0
hard,shuffled_rates,0,151,match,16,peak_2,0.2009789693838342,0
hard,shuffled_rates,0,151,match,2,peak_3,0.2711673470595568,0
hard,shuffled_rates,0,151,match,25,peak_4,0.3367954048207924,0
hard,shuffled_rates,0,151,match,17,peak_5,0.38928265415931396,0
hard,shuffled_rates,0,151,reconnect,3,peak_6,0.1122131509427513,1
hard,shuffled_rates,0,151,reconnect,26,peak_7,0.04037497211289498,1
hard,shuffled_rates,0,151,match,13,peak_8,0.3315055029252605,0
hard,shuffled_rates,0,151,birth,27,peak_9,,0
hard,shuffled_rates,0,151,match,20,peak_10,0.10138209255062236,0
hard,shuffled_rates,0,151,match,5,peak_11,0.06171030772744146,0
hard,shuffled_rates,0,151,match,6,peak_12,0.20650223408645374,0
hard,shuffled_rates,0,151,match,24,peak_13,0.2683829059944145,0
hard,shuffled_rates,0,151,birth,28,peak_14,,0
hard,shuffled_rates,0,151,match,8,peak_15,0.11819164002617555,0
hard,shuffled_rates,0,151,match,9,peak_16,0.089164622417929,0
hard,shuffled_rates,0,151,match,22,peak_17,0.2677257493475871,0
hard,shuffled_rates,0,151,match,11,peak_18,0.05927511793542806,0
hard,shuffled_rates,0,151,match,15,peak_19,0.05344391959105366,0
hard,shuffled_rates,0,151,match,19,peak_20,0.11167329702221451,0
hard,shuffled_rates,0,151,missing,10,,,1
hard,shuffled_rates,0,151,missing,18,,,1
hard,shuffled_rates,0,151,missing,21,,,2
hard,shuffled_rates,0,211,death,21,,,2
hard,shuffled_rates,0,211,match,1,peak_1,0.05863400866223356,0
hard,shuffled_rates,0,211,match,16,peak_2,0.13368298338088724,0
hard,shuffled_rates,0,211,match,2,peak_3,0.20887236827370437,0
hard,shuffled_rates,0,211,match,25,peak_4,0.28056490336130757,0
hard,shuffled_rates,0,211,match,17,peak_5,0.48195231429129937,0
hard,shuffled_rates,0,211,match,3,peak_6,0.3615621534738507,0
hard,shuffled_rates,0,211,match,26,peak_7,0.4676148529056805,0
hard,shuffled_rates,0,211,match,13,peak_8,0.4216170909031991,0
hard,shuffled_rates,0,211,match,27,peak_9,0.456799280358128,0
hard,shuffled_rates,0,211,birth,29,peak_10,,0
hard,shuffled_rates,0,211,match,20,peak_11,0.177532867251724,0
hard,shuffled_rates,0,211,match,5,peak_12,0.17394853419842526,0
hard,shuffled_rates,0,211,match,6,peak_13,0.16722372077451553,0
hard,shuffled_rates,0,211,match,24,peak_14,0.09751795797857099,0
hard,shuffled_rates,0,211,match,28,peak_15,0.014435233357573907,0
hard,shuffled_rates,0,211,match,8,peak_16,0.011042646923282717,0
hard,shuffled_rates,0,211,match,9,peak_17,0.03192561275837846,0
hard,shuffled_rates,0,211,match,22,peak_18,0.0800139377465392,0
hard,shuffled_rates,0,211,birth,30,peak_19,,0
hard,shuffled_rates,0,211,match,11,peak_20,0.03260967297492101,0
hard,shuffled_rates,0,211,birth,31,peak_21,,0
hard,shuffled_rates,0,211,match,15,peak_22,0.05182105382523616,0
hard,shuffled_rates,0,211,match,19,peak_23,0.06933074542217099,0
hard,shuffled_rates,0,211,missing,10,,,2
hard,shuffled_rates,0,211,missing,18,,,2
taper,shuffled_rates,0,5,birth,1,peak_1,,0
taper,shuffled_rates,0,5,birth,2,peak_2,,0
taper,shuffled_rates,0,5,birth,3,peak_3,,0
taper,shuffled_rates,0,5,birth,4,peak_4,,0
taper,shuffled_rates,0,5,birth,5,peak_5,,0
taper,shuffled_rates,0,5,birth,6,peak_6,,0
taper,shuffled_rates,0,5,birth,7,peak_7,,0
taper,shuffled_rates,0,5,birth,8,peak_8,,0
taper,shuffled_rates,0,5,birth,9,peak_9,,0
taper,shuffled_rates,0,5,birth,10,peak_10,,0
taper,shuffled_rates,0,7,match,1,peak_1,0.005092348931677648,0
taper,shuffled_rates,0,7,match,2,peak_2,0.15886298519428088,0
taper,shuffled_rates,0,7,match,3,peak_3,0.19737063318992654,0
taper,shuffled_rates,0,7,match,4,peak_4,0.14540049738718253,0
taper,shuffled_rates,0,7,match,5,peak_5,0.0633785622017502,0
taper,shuffled_rates,0,7,birth,11,peak_6,,0
taper,shuffled_rates,0,7,match,6,peak_7,0.09790491489598452,0
taper,shuffled_rates,0,7,match,7,peak_8,0.15977869150701807,0
taper,shuffled_rates,0,7,match,8,peak_9,0.13088552498704686,0
taper,shuffled_rates,0,7,birth,12,peak_10,,0
taper,shuffled_rates,0,7,match,9,peak_11,0.10850265217805344,0
taper,shuffled_rates,0,7,match,10,peak_12,0.10675083692182596,0
taper,shuffled_rates,0,11,match,1,peak_1,0.1102962342108218,0
taper,shuffled_rates,0,11,match,2,peak_2,0.08802199770043106,0
taper,shuffled_rates,0,11,match,3,peak_3,0.028503124600441687,0
taper,shuffled_rates,0,11,match,4,peak_4,0.2609166193877286,0
taper,shuffled_rates,0,11,match,5,peak_5,0.10271489680756574,0
taper,shuffled_rates,0,11,match,11,peak_6,0.08465009851898486,0
taper,shuffled_rates,0,11,match,6,peak_7,0.15434835666216173,0
taper,shuffled_rates,0,11,match,7,peak_8,0.10126228234829782,0
taper,shuffled_rates,0,11,match,8,peak_9,0.3615213259114789,0
taper,shuffled_rates,0,11,match,12,peak_10,0.0917766109171616,0
taper,shuffled_rates,0,11,match,9,peak_11,0.05679080601267117,0
taper,shuffled_rates,0,11,match,10,peak_12,0.2711798265687051,0
taper,shuffled_rates,0,17,match,1,peak_1,0.27302773764761756,0
taper,shuffled_rates,0,17,match,2,peak_2,0.010657524918336492,0
taper,shuffled_rates,0,17,match,3,peak_3,0.0762962781099299,0
taper,shuffled_rates,0,17,match,4,peak_4,0.1393702218997781,0
taper,shuffled_rates,0,17,match,5,peak_5,0.1544465959322725,0
taper,shuffled_rates,0,17,match,11,peak_6,0.2550327650279236,0
taper,shuffled_rates,0,17,match,6,peak_7,0.0008309446133800691,0
taper,shuffled_rates,0,17,match,7,peak_8,0.1184515520018472,0
taper,shuffled_rates,0,17,match,8,peak_9,0.11653887455658563,0
taper,shuffled_rates,0,17,match,12,peak_10,0.04115817762095375,0
taper,shuffled_rates,0,17,match,9,peak_11,0.0073308312596260805,0
taper,shuffled_rates,0,17,match,10,peak_12,0.10084534713617899,0
taper,shuffled_rates,0,29,match,1,peak_1,0.3962728944379905,0
taper,shuffled_rates,0,29,match,2,peak_2,0.04999269253751226,0
taper,shuffled_rates,0,29,match,3,peak_3,0.04568797868887042,0
taper,shuffled_rates,0,29,match,4,peak_4,0.13419692066604227,0
taper,shuffled_rates,0,29,match,5,peak_5,0.014297166903670444,0
taper,shuffled_rates,0,29,match,11,peak_6,0.00041916198207303523,0
taper,shuffled_rates,0,29,match,6,peak_7,0.06855571553256112,0
taper,shuffled_rates,0,29,match,7,peak_8,0.03610517785396539,0
taper,shuffled_rates,0,29,match,8,peak_9,0.08499138825080621,0
taper,shuffled_rates,0,29,match,12,peak_10,0.016354509930380345,0
taper,shuffled_rates,0,29,match,9,peak_11,0.05535334350937049,0
taper,shuffled_rates,0,29,match,10,peak_12,0.03346592717627317,0
taper,shuffled_rates,0,29,birth,13,peak_13,,0
taper,shuffled_rates,0,47,match,1,peak_1,0.22998861600864107,0
taper,shuffled_rates,0,47,birth,14,peak_2,,0
taper,shuffled_rates,0,47,match,2,peak_3,0.010348333270495225,0
taper,shuffled_rates,0,47,birth,15,peak_4,,0
taper,shuffled_rates,0,47,match,3,peak_5,0.03370639019577748,0
taper,shuffled_rates,0,47,match,4,peak_6,0.03588846114709021,0
taper,shuffled_rates,0,47,birth,16,peak_7,,0
taper,shuffled_rates,0,47,match,5,peak_8,0.021003737563550118,0
taper,shuffled_rates,0,47,match,11,peak_9,0.06877941781319663,0
taper,shuffled_rates,0,47,match,6,peak_10,0.1022137068032336,0
taper,shuffled_rates,0,47,match,7,peak_11,0.033621322483234906,0
taper,shuffled_rates,0,47,match,8,peak_12,0.0351658406700075,0
taper,shuffled_rates,0,47,match,9,peak_13,0.1199107194058584,0
taper,shuffled_rates,0,47,match,10,peak_14,0.025167795479738686,0
taper,shuffled_rates,0,47,match,13,peak_15,0.061808613596014084,0
taper,shuffled_rates,0,47,missing,12,,,1
taper,shuffled_rates,0,71,match,1,peak_1,0.16328394407265656,0
taper,shuffled_rates,0,71,match,14,peak_2,0.14542587378047855,0
taper,shuffled_rates,0,71,match,2,peak_3,0.16967374650276046,0
taper,shuffled_rates,0,71,match,15,peak_4,0.07760078376067803,0
taper,shuffled_rates,0,71,match,3,peak_5,0.06652901504542097,0
taper,shuffled_rates,0,71,match,4,peak_6,0.0036902612229390286,0
taper,shuffled_rates,0,71,match,16,peak_7,0.02317347380092194,0
taper,shuffled_rates,0,71,match,5,peak_8,0.004857149047264642,0
taper,shuffled_rates,0,71,match,11,peak_9,0.0633646338629319,0
taper,shuffled_rates,0,71,match,6,peak_10,0.21294103742452464,0
taper,shuffled_rates,0,71,match,7,peak_11,0.04251371212879462,0
taper,shuffled_rates,0,71,match,8,peak_12,0.010338345012950612,0
taper,shuffled_rates,0,71,birth,17,peak_13,,0
taper,shuffled_rates,0,71,match,9,peak_14,0.04524820467928237,0
taper,shuffled_rates,0,71,match,10,peak_15,0.029768103210543018,0
taper,shuffled_rates,0,71,match,13,peak_16,0.0001557546048118752,0
taper,shuffled_rates,0,71,missing,12,,,2
taper,shuffled_rates,0,101,death,12,,,2
taper,shuffled_rates,0,101,match,1,peak_1,0.11750527350246465,0
taper,shuffled_rates,0,101,match,14,peak_2,0.17213305048957972,0
taper,shuffled_rates,0,101,match,2,peak_3,0.22265678783833653,0
taper,shuffled_rates,0,101,match,15,peak_4,0.03321094142121073,0
taper,shuffled_rates,0,101,match,3,peak_5,0.01383535606103159,0
taper,shuffled_rates,0,101,match,4,peak_6,0.0056229098230762276,0
taper,shuffled_rates,0,101,match,16,peak_7,0.024551249000033692,0
taper,shuffled_rates,0,101,match,5,peak_8,0.02383680725518822,0
taper,shuffled_rates,0,101,match,11,peak_9,0.08631427327139107,0
taper,shuffled_rates,0,101,birth,18,peak_10,,0
taper,shuffled_rates,0,101,match,6,peak_11,0.1334804279595474,0
taper,shuffled_rates,0,101,match,7,peak_12,0.039175650194824385,0
taper,shuffled_rates,0,101,birth,19,peak_13,,0
taper,shuffled_rates,0,101,match,8,peak_14,0.016277389327701286,0
taper,shuffled_rates,0,101,match,17,peak_15,0.007820114014350565,0
taper,shuffled_rates,0,101,match,9,peak_16,0.010767978727333372,0
taper,shuffled_rates,0,101,match,10,peak_17,0.0017433368732255872,0
taper,shuffled_rates,0,101,match,13,peak_18,0.021722854409617298,0
taper,shuffled_rates,0,151,match,1,peak_1,0.11348512893608453,0
taper,shuffled_rates,0,151,match,14,peak_2,0.23979352669679566,0
taper,shuffled_rates,0,151,match,2,peak_3,0.35680521612146077,0
taper,shuffled_rates,0,151,match,15,peak_4,0.0450075355650732,0
taper,shuffled_rates,0,151,match,3,peak_5,0.027419636594532726,0
taper,shuffled_rates,0,151,match,4,peak_6,0.11240258767677602,0
taper,shuffled_rates,0,151,match,16,peak_7,0.005818563074976524,0
taper,shuffled_rates,0,151,match,5,peak_8,0.03169727624907459,0
taper,shuffled_rates,0,151,match,11,peak_9,0.10735954593925712,0
taper,shuffled_rates,0,151,match,18,peak_10,0.012100494046467958,0
taper,shuffled_rates,0,151,match,6,peak_11,0.030394522391102186,0
taper,shuffled_rates,0,151,match,7,peak_12,0.028705860652046056,0
taper,shuffled_rates,0,151,match,19,peak_13,0.026314620413408818,0
taper,shuffled_rates,0,151,match,8,peak_14,0.00548237102476179,0
taper,shuffled_rates,0,151,match,17,peak_15,0.0009747510694744221,0
taper,shuffled_rates,0,151,birth,20,peak_16,,0
taper,shuffled_rates,0,151,match,9,peak_17,0.011237552134719664,0
taper,shuffled_rates,0,151,match,10,peak_18,0.048752795043540686,0
taper,shuffled_rates,0,151,match,13,peak_19,0.02887068649717861,0
taper,shuffled_rates,0,211,match,1,peak_1,0.07707499007651863,0
taper,shuffled_rates,0,211,match,14,peak_2,0.1906301955510208,0
taper,shuffled_rates,0,211,birth,21,peak_3,,0
taper,shuffled_rates,0,211,match,2,peak_4,0.05765016242375065,0
taper,shuffled_rates,0,211,match,15,peak_5,0.06047132117133902,0
taper,shuffled_rates,0,211,match,3,peak_6,0.008708414183372426,0
taper,shuffled_rates,0,211,match,4,peak_7,0.051931882236278426,0
taper,shuffled_rates,0,211,match,16,peak_8,0.009415735652924084,0
taper,shuffled_rates,0,211,match,5,peak_9,0.02021234006463679,0
taper,shuffled_rates,0,211,match,11,peak_10,0.1230649280075724,0
taper,shuffled_rates,0,211,match,18,peak_11,0.15914606282960264,0
taper,shuffled_rates,0,211,match,7,peak_12,0.03756221635159207,0
taper,shuffled_rates,0,211,match,19,peak_13,0.05415332475872603,0
taper,shuffled_rates,0,211,match,8,peak_14,0.020946496806914183,0
taper,shuffled_rates,0,211,match,17,peak_15,0.023696322675444748,0
taper,shuffled_rates,0,211,match,9,peak_16,0.01663006134961975,0
taper,shuffled_rates,0,211,match,10,peak_17,0.042450826651510454,0
taper,shuffled_rates,0,211,match,13,peak_18,0.024617185077566717,0
taper,shuffled_rates,0,211,missing,6,,,1
taper,shuffled_rates,0,211,missing,20,,,1
hard,shuffled_rates,1,5,birth,1,peak_1,,0
hard,shuffled_rates,1,5,birth,2,peak_2,,0
hard,shuffled_rates,1,5,birth,3,peak_3,,0
hard,shuffled_rates,1,5,birth,4,peak_4,,0
hard,shuffled_rates,1,5,birth,5,peak_5,,0
hard,shuffled_rates,1,5,birth,6,peak_6,,0
hard,shuffled_rates,1,5,birth,7,peak_7,,0
hard,shuffled_rates,1,5,birth,8,peak_8,,0
hard,shuffled_rates,1,5,birth,9,peak_9,,0
hard,shuffled_rates,1,5,birth,10,peak_10,,0
hard,shuffled_rates,1,7,match,1,peak_1,0.3914966571982865,0
hard,shuffled_rates,1,7,match,2,peak_2,0.06084864640577248,0
hard,shuffled_rates,1,7,match,3,peak_3,0.45907191791101276,0
hard,shuffled_rates,1,7,birth,11,peak_4,,0
hard,shuffled_rates,1,7,match,4,peak_5,0.47985858268662795,0
hard,shuffled_rates,1,7,match,5,peak_6,0.2957029119375463,0
hard,shuffled_rates,1,7,birth,12,peak_7,,0
hard,shuffled_rates,1,7,match,6,peak_8,0.05952431409777148,0
hard,shuffled_rates,1,7,match,7,peak_9,0.3659064183693701,0
hard,shuffled_rates,1,7,match,8,peak_10,0.1788542820454282,0
hard,shuffled_rates,1,7,match,9,peak_11,0.16099531412750423,0
hard,shuffled_rates,1,7,birth,13,peak_12,,0
hard,shuffled_rates,1,7,missing,10,,,1
hard,shuffled_rates,1,11,match,1,peak_1,0.29570958055897756,0
hard,shuffled_rates,1,11,match,2,peak_2,0.2457635332403605,0
hard,shuffled_rates,1,11,match,3,peak_3,0.20840717534407815,0
hard,shuffled_rates,1,11,match,11,peak_4,0.3312623113935391,0
hard,shuffled_rates,1,11,match,5,peak_5,0.0956403550759628,0
hard,shuffled_rates,1,11,birth,14,peak_6,,0
hard,shuffled_rates,1,11,birth,15,peak_7,,0
hard,shuffled_rates,1,11,match,6,peak_8,0.39489435418724383,0
hard,shuffled_rates,1,11,match,7,peak_9,0.04894565277365359,0
hard,shuffled_rates,1,11,match,8,peak_10,0.13149593759916556,0
hard,shuffled_rates,1,11,match,9,peak_11,0.0896943678644817,0
hard,shuffled_rates,1,11,match,13,peak_12,0.09657289532211877,0
hard,shuffled_rates,1,11,missing,4,,,1
hard,shuffled_rates,1,11,missing,10,,,2
hard,shuffled_rates,1,11,missing,12,,,1
hard,shuffled_rates,1,17,death,10,,,2
hard,shuffled_rates,1,17,match,1,peak_1,0.3046761300667242,0
hard,shuffled_rates,1,17,birth,16,peak_2,,0
hard,shuffled_rates,1,17,birth,17,peak_3,,0
hard,shuffled_rates,1,17,match,11,peak_4,0.292077860373011,0
hard,shuffled_rates,1,17,reconnect,4,peak_5,0.07059298940806613,1
hard,shuffled_rates,1,17,match,5,peak_6,0.11750098876717807,0
hard,shuffled_rates,1,17,match,14,peak_7,0.14201736891475392,0
hard,shuffled_rates,1,17,reconnect,12,peak_8,0.34737546519451357,1
hard,shuffled_rates,1,17,match,6,peak_9,0.3391648072922244,0
hard,shuffled_rates,1,17,match,7,peak_10,0.35580493370610355,0
hard,shuffled_rates,1,17,match,8,peak_11,0.07570014594104535,0
hard,shuffled_rates,1,17,match,9,peak_12,0.022104302903553474,0
hard,shuffled_rates,1,17,match,13,peak_13,0.14522919112856414,0
hard,shuffled_rates,1,17,missing,2,,,1
hard,shuffled_rates,1,17,missing,3,,,1
hard,shuffled_rates,1,17,missing,15,,,1
hard,shuffled_rates,1,29,match,1,peak_1,0.2424659883381617,0
hard,shuffled_rates,1,29,match,16,peak_2,0.47056431158541656,0
hard,shuffled_rates,1,29,reconnect,2,peak_3,0.3253656254335455,1
hard,shuffled_rates,1,29,reconnect,3,peak_4,0.036205494662402415,1
hard,shuffled_rates,1,29,match,11,peak_5,0.12297580816129283,0
hard,shuffled_rates,1,29,match,4,peak_6,0.009778034175663919,0
hard,shuffled_rates,1,29,birth,18,peak_7,,0
hard,shuffled_rates,1,29,match,5,peak_8,0.0435465765051859,0
hard,shuffled_rates,1,29,match,14,peak_9,0.1205400043292677,0
hard,shuffled_rates,1,29,match,12,peak_10,0.08676849969192801,0
hard,shuffled_rates,1,29,match,6,peak_11,0.003770358542798391,0
hard,shuffled_rates,1,29,match,7,peak_12,0.07613947408488997,0
hard,shuffled_rates,1,29,birth,19,peak_13,,0
hard,shuffled_rates,1,29,match,9,peak_14,0.2750206502364776,0
hard,shuffled_rates,1,29,match,13,peak_15,0.0502972389057561,0
hard,shuffled_rates,1,29,birth,20,peak_16,,0
hard,shuffled_rates,1,29,missing,8,,,1
hard,shuffled_rates,1,29,missing,15,,,2
hard,shuffled_rates,1,29,missing,17,,,1
hard,shuffled_rates,1,47,death,15,,,2
hard,shuffled_rates,1,47,match,1,peak_1,0.20090572125377415,0
hard,shuffled_rates,1,47,match,16,peak_2,0.3484475229081503,0
hard,shuffled_rates,1,47,match,2,peak_3,0.42690163157928573,0
hard,shuffled_rates,1,47,reconnect,17,peak_4,0.08391861875007045,1
hard,shuffled_rates,1,47,match,3,peak_5,0.3636301162167932,0
hard,shuffled_rates,1,47,match,11,peak_6,0.4601005999795742,0
hard,shuffled_rates,1,47,match,4,peak_7,0.3176327710781024,0
hard,shuffled_rates,1,47,match,18,peak_8,0.0037724409554762417,0
hard,shuffled_rates,1,47,match,5,peak_9,0.02005879498208607,0
hard,shuffled_rates,1,47,birth,21,peak_10,,0
hard,shuffled_rates,1,47,match,12,peak_11,0.1357909483499249,0
hard,shuffled_rates,1,47,match,6,peak_12,0.07789763632888125,0
hard,shuffled_rates,1,47,birth,22,peak_13,,0
hard,shuffled_rates,1,47,match,7,peak_14,0.03846307463208731,0
hard,shuffled_rates,1,47,match,19,peak_15,0.24436410716678125,0
hard,shuffled_rates,1,47,reconnect,8,peak_16,0.3772097599376032,1
hard,shuffled_rates,1,47,match,9,peak_17,0.05159808502542873,0
hard,shuffled_rates,1,47,match,13,peak_18,0.04426673586092278,0
hard,shuffled_rates,1,47,missing,14,,,1
hard,shuffled_rates,1,47,missing,20,,,1
hard,shuffled_rates,1,71,match,1,peak_1,0.10938316213212129,0
hard,shuffled_rates,1,71,match,16,peak_2,0.24762957073212677,0
hard,shuffled_rates,1,71,match,2,peak_3,0.3446826065361517,0
hard,shuffled_rates,1,71,birth,23,peak_4,,0
hard,shuffled_rates,1,71,match,3,peak_5,0.31834327106898996,0
hard,shuffled_rates,1,71,birth,24,peak_6,,0
hard,shuffled_rates,1,71,birth,25,peak_7,,0
hard,shuffled_rates,1,71,match,18,peak_8,0.1305919266357609,0
hard,shuffled_rates,1,71,match,5,peak_9,0.06682386864123124,0
hard,shuffled_rates,1,71,match,21,peak_10,0.01556237248532355,0
hard,shuffled_rates,1,71,match,12,peak_11,0.04506690574643457,0
hard,shuffled_rates,1,71,match,6,peak_12,0.06882182780262269,0
hard,shuffled_rates,1,71,match,22,peak_13,0.040516947095859734,0
hard,shuffled_rates,1,71,match,7,peak_14,0.031047791038705697,0
hard,shuffled_rates,1,71,match,19,peak_15,0.28665171747196183,0
hard,shuffled_rates,1,71,match,8,peak_16,0.016450501293125086,0
hard,shuffled_rates,1,71,match,9,peak_17,0.04240158068369837,0
hard,shuffled_rates,1,71,match,13,peak_18,0.05185622444680149,0
hard,shuffled_rates,1,71,reconnect,20,peak_19,0.09994247145279189,1
hard,shuffled_rates,1,71,missing,4,,,1
hard,shuffled_rates,1,71,missing,11,,,1
hard,shuffled_rates,1,71,missing,14,,,2
hard,shuffled_rates,1,71,missing,17,,,1
hard,shuffled_rates,1,101,death,14,,,2
hard,shuffled_rates,1,101,match,1,peak_1,0.08249710709196612,0
hard,shuffled_rates,1,101,match,16,peak_2,0.1922110297280244,0
hard,shuffled_rates,1,101,match,2,peak_3,0.31300599240330973,0
hard,shuffled_rates,1,101,match,23,peak_4,0.34654829806584253,0
hard,shuffled_rates,1,101,reconnect,17,peak_5,0.3350234540535677,1
hard,shuffled_rates,1,101,birth,26,peak_6,,0
hard,shuffled_rates,1,101,reconnect,11,peak_7,0.04390106718238762,1
hard,shuffled_rates,1,101,reconnect,4,peak_8,0.11189403833857803,1
hard,shuffled_rates,1,101,match,18,peak_9,0.05176939683904358,0
hard,shuffled_rates,1,101,match,5,peak_10,0.00372313208863595,0
hard,shuffled_rates,1,101,match,21,peak_11,0.023085460981334904,0
hard,shuffled_rates,1,101,match,12,peak_12,0.05425493387516056,0
hard,shuffled_rates,1,101,match,6,peak_13,0.010906534230763043,0
hard,shuffled_rates,1,101,birth,27,peak_14,,0
hard,shuffled_rates,1,101,match,7,peak_15,0.06774225939327039,0
hard,shuffled_rates,1,101,match,19,peak_16,0.3240288099686204,0
hard,shuffled_rates,1,101,match,8,peak_17,0.06141260090519651,0
hard,shuffled_rates,1,101,match,9,peak_18,0.03290785515288519,0
hard,shuffled_rates,1,101,match,13,peak_19,0.05723246646494573,0
hard,shuffled_rates,1,101,match,20,peak_20,0.0017750521801787045,0
hard,shuffled_rates,1,101,missing,3,,,1
hard,shuffled_rates,1,101,missing,22,,,1
hard,shuffled_rates,1,101,missing,24,,,1
hard,shuffled_rates,1,101,missing,25,,,1
hard,shuffled_rates,1,151,match,1,peak_1,0.08543419451519496,0
hard,shuffled_rates,1,151,match,16,peak_2,0.18694543828780352,0
hard,shuffled_rates,1,151,match,2,peak_3,0.2976150162789599,0
hard,shuffled_rates,1,151,match,23,peak_4,0.3700123811288538,0
hard,shuffled_rates,1,151,match,17,peak_5,0.4089032663872372,0
hard,shuffled_rates,1,151,reconnect,3,peak_6,0.12729987344640925,1
hard,shuffled_rates,1,151,reconnect,24,peak_7,0.015893316576791605,1
hard,shuffled_rates,1,151,reconnect,25,peak_8,0.04045797071001722,1
hard,shuffled_rates,1,151,match,4,peak_9,0.17874396946444726,0
hard,shuffled_rates,1,151,match,18,peak_10,0.06917599305898214,0
hard,shuffled_rates,1,151,match,5,peak_11,0.062045211729477856,0
hard,shuffled_rates,1,151,birth,28,peak_12,,0
hard,shuffled_rates,1,151,birth,29,peak_13,,0
hard,shuffled_rates,1,151,birth,30,peak_14,,0
hard,shuffled_rates,1,151,birth,31,peak_15,,0
hard,shuffled_rates,1,151,match,6,peak_16,0.11695702771762129,0
hard,shuffled_rates,1,151,reconnect,22,peak_17,0.42345622687869877,1
hard,shuffled_rates,1,151,match,7,peak_18,0.09744926922504504,0
hard,shuffled_rates,1,151,match,19,peak_19,0.29575141862345333,0
hard,shuffled_rates,1,151,birth,32,peak_20,,0
hard,shuffled_rates,1,151,match,9,peak_21,0.07852218897790664,0
hard,shuffled_rates,1,151,match,13,peak_22,0.007879352015905283,0
hard,shuffled_rates,1,151,match,20,peak_23,0.09718495992014198,0
hard,shuffled_rates,1,151,missing,8,,,1
hard,shuffled_rates,1,151,missing,11,,,1
hard,shuffled_rates,1,151,missing,12,,,1
hard,shuffled_rates,1,151,missing,21,,,1
hard,shuffled_rates,1,151,missing,26,,,1
hard,shuffled_rates,1,151,missing,27,,,1
hard,shuffled_rates,1,211,match,1,peak_1,0.0593326618222183,0
hard,shuffled_rates,1,211,match,16,peak_2,0.13199230328963907,0
hard,shuffled_rates,1,211,match,2,peak_3,0.22853531816560135,0
hard,shuffled_rates,1,211,match,23,peak_4,0.27333837551507223,0
hard,shuffled_rates,1,211,birth,33,peak_5,,0
hard,shuffled_rates,1,211,match,3,peak_6,0.35808181796605254,0
hard,shuffled_rates,1,211,reconnect,26,peak_7,0.005647704265946629,1
hard,shuffled_rates,1,211,reconnect,11,peak_8,0.05998800830248818,1
hard,shuffled_rates,1,211,match,4,peak_9,0.4439497435794717,0
hard,shuffled_rates,1,211,birth,34,peak_10,,0
hard,shuffled_rates,1,211,match,18,peak_11,0.14281273859412025,0
hard,shuffled_rates,1,211,match,5,peak_12,0.17319500849157876,0
hard,shuffled_rates,1,211,reconnect,21,peak_13,0.2411556654468967,1
hard,shuffled_rates,1,211,match,30,peak_14,0.09757560123030373,0
hard,shuffled_rates,1,211,match,31,peak_15,0.020435211284130617,0
hard,shuffled_rates,1,211,match,6,peak_16,0.012532653864948173,0
hard,shuffled_rates,1,211,match,7,peak_17,0.032094667719853476,0
hard,shuffled_rates,1,211,match,19,peak_18,0.09033174214312467,0
hard,shuffled_rates,1,211,match,32,peak_19,0.1969836756406984,0
hard,shuffled_rates,1,211,birth,35,peak_20,,0
hard,shuffled_rates,1,211,match,9,peak_21,0.031871951671856635,0
hard,shuffled_rates,1,211,match,13,peak_22,0.050746861965237144,0
hard,shuffled_rates,1,211,match,20,peak_23,0.10595890195397573,0
hard,shuffled_rates,1,211,missing,8,,,2
hard,shuffled_rates,1,211,missing,12,,,2
hard,shuffled_rates,1,211,missing,17,,,1
hard,shuffled_rates,1,211,missing,22,,,1
hard,shuffled_rates,1,211,missing,24,,,1
hard,shuffled_rates,1,211,missing,25,,,1
hard,shuffled_rates,1,211,missing,27,,,2
hard,shuffled_rates,1,211,missing,28,,,1
hard,shuffled_rates,1,211,missing,29,,,1
taper,shuffled_rates,1,5,birth,1,peak_1,,0
taper,shuffled_rates,1,5,birth,2,peak_2,,0
taper,shuffled_rates,1,5,birth,3,peak_3,,0
taper,shuffled_rates,1,5,birth,4,peak_4,,0
taper,shuffled_rates,1,5,birth,5,peak_5,,0
taper,shuffled_rates,1,5,birth,6,peak_6,,0
taper,shuffled_rates,1,7,match,1,peak_1,0.24657338613317492,0
taper,shuffled_rates,1,7,birth,7,peak_2,,0
taper,shuffled_rates,1,7,match,3,peak_3,0.15997867598461468,0
taper,shuffled_rates,1,7,match,4,peak_4,0.32714225468199487,0
taper,shuffled_rates,1,7,match,5,peak_5,0.07696623430929606,0
taper,shuffled_rates,1,7,match,6,peak_6,0.4759912782585296,0
taper,shuffled_rates,1,7,missing,2,,,1
taper,shuffled_rates,1,11,match,1,peak_1,0.4784354298638145,0
taper,shuffled_rates,1,11,birth,8,peak_2,,0
taper,shuffled_rates,1,11,match,7,peak_3,0.12715259916718313,0
taper,shuffled_rates,1,11,birth,9,peak_4,,0
taper,shuffled_rates,1,11,match,3,peak_5,0.04039308825903731,0
taper,shuffled_rates,1,11,match,4,peak_6,0.18857897853967032,0
taper,shuffled_rates,1,11,match,5,peak_7,0.17155623563524003,0
taper,shuffled_rates,1,11,birth,10,peak_8,,0
taper,shuffled_rates,1,11,birth,11,peak_9,,0
taper,shuffled_rates,1,11,missing,2,,,2
taper,shuffled_rates,1,11,missing,6,,,1
taper,shuffled_rates,1,17,death,2,,,2
taper,shuffled_rates,1,17,match,1,peak_1,0.37784094040781246,0
taper,shuffled_rates,1,17,match,8,peak_2,0.005126005477491091,0
taper,shuffled_rates,1,17,match,7,peak_3,0.08653210693905322,0
taper,shuffled_rates,1,17,birth,12,peak_4,,0
taper,shuffled_rates,1,17,match,9,peak_5,0.12551639395891634,0
taper,shuffled_rates,1,17,match,3,peak_6,0.04999432455992725,0
taper,shuffled_rates,1,17,birth,13,peak_7,,0
taper,shuffled_rates,1,17,match,4,peak_8,0.10513599522369077,0
taper,shuffled_rates,1,17,match,5,peak_9,0.020886393239035073,0
taper,shuffled_rates,1,17,birth,14,peak_10,,0
taper,shuffled_rates,1,17,match,10,peak_11,0.09483506039014244,0
taper,shuffled_rates,1,17,match,11,peak_12,0.30324427357945183,0
taper,shuffled_rates,1,17,missing,6,,,2
taper,shuffled_rates,1,29,death,6,,,2
taper,shuffled_rates,1,29,match,1,peak_1,0.41737541574100523,0
taper,shuffled_rates,1,29,match,8,peak_2,0.11489912810034397,0
taper,shuffled_rates,1,29,match,7,peak_3,0.14407547943772148,0
taper,shuffled_rates,1,29,match,12,peak_4,0.025087263519665726,0
taper,shuffled_rates,1,29,match,9,peak_5,0.10285781399101523,0
taper,shuffled_rates,1,29,match,3,peak_6,0.008173623908831473,0
taper,shuffled_rates,1,29,birth,15,peak_7,,0
taper,shuffled_rates,1,29,match,13,peak_8,0.039042921680607634,0
taper,shuffled_rates,1,29,match,4,peak_9,0.07909005448176387,0
taper,shuffled_rates,1,29,match,5,peak_10,0.19116480228008115,0
taper,shuffled_rates,1,29,match,14,peak_11,0.06793990479442158,0
taper,shuffled_rates,1,29,match,10,peak_12,0.0007879324308568414,0
taper,shuffled_rates,1,29,match,11,peak_13,0.0363255217871199,0
taper,shuffled_rates,1,47,match,1,peak_1,0.25748663382811143,0
taper,shuffled_rates,1,47,birth,16,peak_2,,0
taper,shuffled_rates,1,47,match,8,peak_3,0.095723543543067,0
taper,shuffled_rates,1,47,match,7,peak_4,0.05495524149025943,0
taper,shuffled_rates,1,47,match,12,peak_5,0.04083609196140259,0
taper,shuffled_rates,1,47,match,9,peak_6,0.026132325736888617,0
taper,shuffled_rates,1,47,birth,17,peak_7,,0
taper,shuffled_rates,1,47,match,3,peak_8,0.032253491539007584,0
taper,shuffled_rates,1,47,match,15,peak_9,0.02683128063808482,0
taper,shuffled_rates,1,47,match,13,peak_10,0.04459124923047497,0
taper,shuffled_rates,1,47,match,4,peak_11,0.03527541112036303,0
taper,shuffled_rates,1,47,match,5,peak_12,0.03436332339502712,0
taper,shuffled_rates,1,47,match,10,peak_13,0.058952887332473836,0
taper,shuffled_rates,1,47,match,11,peak_14,0.011669932343686185,0
taper,shuffled_rates,1,47,missing,14,,,1
taper,shuffled_rates,1,71,match,1,peak_1,0.16544075905680455,0
taper,shuffled_rates,1,71,match,16,peak_2,0.16129413760478872,0
taper,shuffled_rates,1,71,match,8,peak_3,0.08879855263567027,0
taper,shuffled_rates,1,71,birth,18,peak_4,,0
taper,shuffled_rates,1,71,match,7,peak_5,0.09865883309447909,0
taper,shuffled_rates,1,71,match,12,peak_6,0.0987039817075619,0
taper,shuffled_rates,1,71,match,9,peak_7,0.03875788344103803,0
taper,shuffled_rates,1,71,match,17,peak_8,0.06090722190601028,0
taper,shuffled_rates,1,71,match,3,peak_9,0.0006856250600488778,0
taper,shuffled_rates,1,71,match,13,peak_10,0.04399027797170518,0
taper,shuffled_rates,1,71,match,4,peak_11,0.05997595177615622,0
taper,shuffled_rates,1,71,match,5,peak_12,0.02731888794374271,0
taper,shuffled_rates,1,71,birth,19,peak_13,,0
taper,shuffled_rates,1,71,match,10,peak_14,0.024463684322469703,0
taper,shuffled_rates,1,71,match,11,peak_15,0.018527348796581578,0
taper,shuffled_rates,1,71,missing,14,,,2
taper,shuffled_rates,1,71,missing,15,,,1
taper,shuffled_rates,1,101,death,14,,,2
taper,shuffled_rates,1,101,match,1,peak_1,0.11639640238085125,0
taper,shuffled_rates,1,101,match,16,peak_2,0.18188193131470332,0
taper,shuffled_rates,1,101,match,8,peak_3,0.19907452103222312,0
taper,shuffled_rates,1,101,match,18,peak_4,0.022941393612589955,0
taper,shuffled_rates,1,101,match,7,peak_5,0.002986265761116158,0
taper,shuffled_rates,1,101,match,12,peak_6,0.028243782361013103,0
taper,shuffled_rates,1,101,match,9,peak_7,0.03216687275022956,0
taper,shuffled_rates,1,101,match,17,peak_8,0.020217874710503736,0
taper,shuffled_rates,1,101,match,3,peak_9,0.027111722983777398,0
taper,shuffled_rates,1,101,birth,20,peak_10,,0
taper,shuffled_rates,1,101,match,13,peak_11,0.03824186395487672,0
taper,shuffled_rates,1,101,match,4,peak_12,0.0289497972127144,0
taper,shuffled_rates,1,101,match,5,peak_13,0.014482350370901287,0
taper,shuffled_rates,1,101,match,19,peak_14,0.037632545432174425,0
taper,shuffled_rates,1,101,match,10,peak_15,0.0020502679970881843,0
taper,shuffled_rates,1,101,match,11,peak_16,0.012848687925057334,0
taper,shuffled_rates,1,101,birth,21,peak_17,,0
taper,shuffled_rates,1,101,missing,15,,,2
taper,shuffled_rates,1,151,death,15,,,2
taper,shuffled_rates,1,151,match,1,peak_1,0.11234727353292695,0
taper,shuffled_rates,1,151,match,16,peak_2,0.25163099678732603,0
taper,shuffled_rates,1,151,match,8,peak_3,0.4094324117068906,0
taper,shuffled_rates,1,151,match,18,peak_4,0.07869406975620663,0
taper,shuffled_rates,1,151,match,7,peak_5,0.0015796297402088655,0
taper,shuffled_rates,1,151,match,12,peak_6,0.012713592360675818,0
taper,shuffled_rates,1,151,match,9,peak_7,0.0013735745211373995,0
taper,shuffled_rates,1,151,match,17,peak_8,0.03904582847296645,0
taper,shuffled_rates,1,151,match,3,peak_9,0.029339597740447587,0
taper,shuffled_rates,1,151,match,20,peak_10,0.056561603420878015,0
taper,shuffled_rates,1,151,match,13,peak_11,0.013248040683532025,0
taper,shuffled_rates,1,151,match,4,peak_12,0.030690501247399027,0
taper,shuffled_rates,1,151,match,5,peak_13,0.024465024575487604,0
taper,shuffled_rates,1,151,match,19,peak_14,0.02828925978517205,0
taper,shuffled_rates,1,151,birth,22,peak_15,,0
taper,shuffled_rates,1,151,match,10,peak_16,0.021830615356222438,0
taper,shuffled_rates,1,151,match,11,peak_17,0.00039442846528459086,0
taper,shuffled_rates,1,151,match,21,peak_18,0.03740157125631782,0
taper,shuffled_rates,1,211,match,1,peak_1,0.07721630253903544,0
taper,shuffled_rates,1,211,match,16,peak_2,0.15986787990127915,0
taper,shuffled_rates,1,211,match,8,peak_3,0.2424978742509114,0
taper,shuffled_rates,1,211,birth,23,peak_4,,0
taper,shuffled_rates,1,211,match,18,peak_5,0.06672106909357023,0
taper,shuffled_rates,1,211,match,7,peak_6,0.030658926492254324,0
taper,shuffled_rates,1,211,match,12,peak_7,0.06439370663645327,0
taper,shuffled_rates,1,211,match,9,peak_8,0.027257138400029746,0
taper,shuffled_rates,1,211,match,17,peak_9,0.021399207503712603,0
taper,shuffled_rates,1,211,match,3,peak_10,0.025190221755289954,0
taper,shuffled_rates,1,211,match,4,peak_11,0.035698296435676014,0
taper,shuffled_rates,1,211,match,5,peak_12,0.024962911208934457,0
taper,shuffled_rates,1,211,match,19,peak_13,0.2032144317342386,0
taper,shuffled_rates,1,211,match,10,peak_14,0.024982829777023596,0
taper,shuffled_rates,1,211,match,11,peak_15,0.017797024215340684,0
taper,shuffled_rates,1,211,match,21,peak_16,0.02963486600128107,0
taper,shuffled_rates,1,211,missing,13,,,1
taper,shuffled_rates,1,211,missing,20,,,1
taper,shuffled_rates,1,211,missing,22,,,1
