dataset,replicate,prime_cutoff,kind,cohort,zero_indices,eligible_zeros,matched_zeros,feature_count,mean_distance,median_distance
phase_scrambled,0,5,peak,all_in_window,1;2;3;4;5;6;7;8;9;10;11;12;13,13,13,17,1.488932731990603,1.4770449001853265
phase_scrambled,0,5,peak,common_bracketed,1;2;3;4;5;6;7;8;9;10;11,11,11,17,1.6687186165942267,1.5694396039417242
phase_scrambled,1,5,peak,all_in_window,1;2;3;4;5;6;7;8;9;10;11;12;13,13,13,17,0.7505038940929375,0.47448186417300064
phase_scrambled,1,5,peak,common_bracketed,1;2;3;4;5;6;7;8;9;10;11,11,11,17,0.7639479944660291,0.47448186417300064
raised_cosine,0,5,peak,all_in_window,1;2;3;4;5;6;7;8;9;10;11;12;13,13,13,11,0.9593014212330726,1.0564056045306813
raised_cosine,0,5,peak,common_bracketed,1;2;3;4;5;6;7;8;9;10;11,11,11,11,0.8460185532646194,1.0564056045306813
real,0,5,peak,all_in_window,1;2;3;4;5;6;7;8;9;10;11;12;13,13,13,15,0.5964009527889341,0.29032923881527317
real,0,5,peak,common_bracketed,1;2;3;4;5;6;7;8;9;10;11,11,11,15,0.392018482299285,0.29032923881527317
shuffled_rates,0,5,peak,all_in_window,1;2;3;4;5;6;7;8;9;10;11;12;13,13,13,20,0.4721116954848288,0.39885099318324535
shuffled_rates,0,5,peak,common_bracketed,1;2;3;4;5;6;7;8;9;10;11,11,11,20,0.3958325605667275,0.2894674524353942
shuffled_rates,1,5,peak,all_in_window,1;2;3;4;5;6;7;8;9;10;11;12;13,13,13,17,0.5931327219118233,0.33422016588130177
shuffled_rates,1,5,peak,common_bracketed,1;2;3;4;5;6;7;8;9;10;11,11,11,17,0.40814406024515715,0.33422016588130177
phase_scrambled,0,5,min,all_in_window,1;2;3;4;5;6;7;8;9;10;11;12;13,13,13,17,0.6907468998554275,0.7495023592824026
phase_scrambled,0,5,min,common_bracketed,1;2;3;4;5;6;7;8;9;10;11;12,12,12,17,0.6341728123472851,0.6678973757597095
phase_scrambled,1,5,min,all_in_window,1;2;3;4;5;6;7;8;9;10;11;12;13,13,13,17,1.2199031830766993,0.8775742858041795
phase_scrambled,1,5,min,common_bracketed,1;2;3;4;5;6;7;8;9;10;11;12,12,12,17,1.1508309011363822,0.8683419938081531
raised_cosine,0,5,min,all_in_window,1;2;3;4;5;6;7;8;9;10;11;12;13,13,13,11,2.107075289970391,2.118423163925428
raised_cosine,0,5,min,common_bracketed,1;2;3;4;5;6;7;8;9;10;11;12,12,12,11,2.092346059953453,1.9930643843222882
real,0,5,min,all_in_window,1;2;3;4;5;6;7;8;9;10;11;12;13,13,13,15,1.6178134484440096,1.694211294585024
real,0,5,min,common_bracketed,1;2;3;4;5;6;7;8;9;10;11;12,12,12,15,1.5760162090922816,1.6662704266609119
shuffled_rates,0,5,min,all_in_window,1;2;3;4;5;6;7;8;9;10;11;12;13,13,13,20,1.346733182108558,1.570046140809854
shuffled_rates,0,5,min,common_bracketed,1;2;3;4;5;6;7;8;9;10;11;12,12,12,20,1.3865140821151367,1.573958878315807
shuffled_rates,1,5,min,all_in_window,1;2;3;4;5;6;7;8;9;10;11;12;13,13,13,17,1.3364383064797214,1.5119691217316138
shuffled_rates,1,5,min,common_bracketed,1;2;3;4;5;6;7;8;9;10;11;12,12,12,17,1.3802750636822427,1.5222069722550238
phase_scrambled,0,29,peak,all_in_window,1;2;3;4;5;6;7;8;9;10;11;12;13,13,13,26,0.6809297332989984,0.7500577455083288
phase_scrambled,0,29,peak,common_bracketed,1;2;3;4;5;6;7;8;9;10;11;12,12,12,26,0.7124887309638849,0.7737683905965156
phase_scrambled,1,29,peak,all_in_window,1;2;3;4;5;6;7;8;9;10;11;12;13,13,13,23,0.9421288582892787,0.9361887774516138
phase_scrambled,1,29,peak,common_bracketed,1;2;3;4;5;6;7;8;9;10;11;12,12,12,23,0.8638674101204397,0.8271580936938134
raised_cosine,0,29,peak,all_in_window,1;2;3;4;5;6;7;8;9;10;11;12;13,13,13,21,0.07671963919456501,0.04419995722539305
raised_cosine,0,29,peak,common_bracketed,1;2;3;4;5;6;7;8;9;10;11;12,12,12,21,0.06039650417180894,0.04340227532179863
real,0,29,peak,all_in_window,1;2;3;4;5;6;7;8;9;10;11;12;13,13,13,27,0.10286374048633011,0.08576586577417089
real,0,29,peak,common_bracketed,1;2;3;4;5;6;7;8;9;10;11;12,12,12,27,0.10089301890562934,0.07701781417211251
shuffled_rates,0,29,peak,all_in_window,1;2;3;4;5;6;7;8;9;10;11;12;13,13,13,43,0.20412856977719138,0.2396183601411792
shuffled_rates,0,29,peak,common_bracketed,1;2;3;4;5;6;7;8;9;10;11;12,12,12,43,0.19853671036166234,0.20810344460563002
shuffled_rates,1,29,peak,all_in_window,1;2;3;4;5;6;7;8;9;10;11;12;13,13,13,34,0.16109657983933404,0.12014716548983984
shuffled_rates,1,29,peak,common_bracketed,1;2;3;4;5;6;7;8;9;10;11;12,12,12,34,0.165282281929631,0.1275982288617712
phase_scrambled,0,29,min,all_in_window,1;2;3;4;5;6;7;8;9;10;11;12;13,13,13,26,0.42329280911778994,0.3469422571282692
phase_scrambled,0,29,min,common_bracketed,1;2;3;4;5;6;7;8;9;10;11;12,12,12,26,0.42965535511691666,0.41301200660226733
phase_scrambled,1,29,min,all_in_window,1;2;3;4;5;6;7;8;9;10;11;12;13,13,13,24,0.47699265587960266,0.37120556301088214
phase_scrambled,1,29,min,common_bracketed,1;2;3;4;5;6;7;8;9;10;11;12,12,12,24,0.503647326443409,0.3869449401475151
raised_cosine,0,29,min,all_in_window,1;2;3;4;5;6;7;8;9;10;11;12;13,13,13,20,1.3910130823322004,1.3855615489058302
raised_cosine,0,29,min,common_bracketed,1;2;3;4;5;6;7;8;9;10;11;12,12,12,20,1.3763199855630353,1.3595138054413045
real,0,29,min,all_in_window,1;2;3;4;5;6;7;8;9;10;11;12;13,13,13,26,1.3039445397157214,1.3673262743772625
real,0,29,min,common_bracketed,1;2;3;4;5;6;7;8;9;10;11;12,12,12,26,1.2848174154285568,1.321139413331716
shuffled_rates,0,29,min,all_in_window,1;2;3;4;5;6;7;8;9;10;11;12;13,13,13,43,0.5135862287804904,0.5077719624817334
shuffled_rates,0,29,min,common_bracketed,1;2;3;4;5;6;7;8;9;10;11;12,12,12,43,0.5235722598226533,0.5112565167973511
shuffled_rates,1,29,min,all_in_window,1;2;3;4;5;6;7;8;9;10;11;12;13,13,13,34,0.8981580801280262,1.044683104309577
shuffled_rates,1,29,min,common_bracketed,1;2;3;4;5;6;7;8;9;10;11;12,12,12,34,0.9384360015588525,1.081007267042743
phase_scrambled,0,101,peak,all_in_window,1;2;3;4;5;6;7;8;9;10;11;12;13,13,13,35,0.5544727890286605,0.5580365378649361
phase_scrambled,0,101,peak,common_bracketed,1;2;3;4;5;6;7;8;9;10;11;12,12,12,35,0.5620726363999416,0.5605747108090391
phase_scrambled,1,101,peak,all_in_window,1;2;3;4;5;6;7;8;9;10;11;12;13,13,13,34,0.503803404307808,0.5124614738894167
phase_scrambled,1,101,peak,common_bracketed,1;2;3;4;5;6;7;8;9;10;11;12,12,12,34,0.45528709656166644,0.5032841068209777
raised_cosine,0,101,peak,all_in_window,1;2;3;4;5;6;7;8;9;10;11;12;13,13,13,29,0.04012737917523305,0.026294061997852225
raised_cosine,0,101,peak,common_bracketed,1;2;3;4;5;6;7;8;9;10;11;12,12,12,29,0.04295927498968618,0.0315789306957619
real,0,101,peak,all_in_window,1;2;3;4;5;6;7;8;9;10;11;12;13,13,13,33,0.04434064504536828,0.04327265203572317
real,0,101,peak,common_bracketed,1;2;3;4;5;6;7;8;9;10;11;12,12,12,33,0.04640342506240828,0.043711096606933175
shuffled_rates,0,101,peak,all_in_window,1;2;3;4;5;6;7;8;9;10;11;12;13,13,13,52,0.15085662734524272,0.13790945848412406
shuffled_rates,0,101,peak,common_bracketed,1;2;3;4;5;6;7;8;9;10;11;12,12,12,52,0.15796563095145424,0.14691120006325598
shuffled_rates,1,101,peak,all_in_window,1;2;3;4;5;6;7;8;9;10;11;12;13,13,13,56,0.12501197566196268,0.11108613034395631
shuffled_rates,1,101,peak,common_bracketed,1;2;3;4;5;6;7;8;9;10;11;12,12,12,56,0.1290950303895572,0.1312555830966371
phase_scrambled,0,101,min,all_in_window,1;2;3;4;5;6;7;8;9;10;11;12;13,13,13,34,0.45137431950815865,0.5444617591517442
phase_scrambled,0,101,min,common_bracketed,1;2;3;4;5;6;7;8;9;10;11;12,12,12,34,0.4689426564339181,0.5677942842044548
phase_scrambled,1,101,min,all_in_window,1;2;3;4;5;6;7;8;9;10;11;12;13,13,13,35,0.33348794368959933,0.22227525489483213
phase_scrambled,1,101,min,common_bracketed,1;2;3;4;5;6;7;8;9;10;11;12,12,12,35,0.343983776447461,0.247418917477912
raised_cosine,0,101,min,all_in_window,1;2;3;4;5;6;7;8;9;10;11;12;13,13,13,28,1.2374392663103966,1.2564673693752795
raised_cosine,0,101,min,common_bracketed,1;2;3;4;5;6;7;8;9;10;11;12,12,12,28,1.205515306370189,1.2554172836249933
real,0,101,min,all_in_window,1;2;3;4;5;6;7;8;9;10;11;12;13,13,13,32,1.080486742659652,1.1165889150480695
real,0,101,min,common_bracketed,1;2;3;4;5;6;7;8;9;10;11;12,12,12,32,1.0938835124223982,1.1287510747977532
shuffled_rates,0,101,min,all_in_window,1;2;3;4;5;6;7;8;9;10;11;12;13,13,13,52,0.45432480097966316,0.3995281531681343
shuffled_rates,0,101,min,common_bracketed,1;2;3;4;5;6;7;8;9;10;11;12,12,12,52,0.4588911882972906,0.47075617074256293
shuffled_rates,1,101,min,all_in_window,1;2;3;4;5;6;7;8;9;10;11;12;13,13,13,55,0.4134520521489542,0.4128759646144644
shuffled_rates,1,101,min,common_bracketed,1;2;3;4;5;6;7;8;9;10;11;12,12,12,55,0.413500059443495,0.41838999216952466
