dataset,replicate,prime_cutoff,zero_index,gamma,in_window,L_at_gamma,slope_at_gamma,curvature_at_gamma,phase_at_gamma,phase_slope_at_gamma,peak_bracketed,nearest_peak_tau,nearest_peak_value,nearest_peak_prominence,nearest_peak_width,nearest_peak_id,nearest_peak_track_id,peak_offset,min_bracketed,nearest_min_tau,nearest_min_value,nearest_min_prominence,nearest_min_width,nearest_min_id,nearest_min_track_id,min_offset,peak_track_switched,min_track_switched,peak_common_cohort,min_common_cohort
real,0,5,1,14.134725141734695,True,2.5547418611922046,-0.5699691928510026,-2.0003203374071346,-0.316387097799844,-1.14274587269999,True,13.844395902919421,2.6370725376076902,6.089001828053474,3.63617670353608,peak_5,9,-0.29032923881527317,True,11.525280486505634,-2.2311654801858203,4.227468239382041,1.8176189170943986,min_4,8,-2.60944465522906,False,False,True,True
real,0,5,2,21.022039638771556,True,1.982386341300947,0.3229575377459837,-2.2169461039899163,0.28905001716413237,-1.0760250422160742,True,21.168088164328985,2.0059591311871445,4.213337770405212,2.699569058339355,peak_6,11,0.1460485255574291,True,23.159712130361086,-1.366202445539827,3.1466002587050026,1.5336957635138833,min_6,12,2.13767249158953,False,False,True,True
real,0,5,3,25.01085758014569,True,1.775762049241377,0.14442201176727693,-2.243153507450232,-0.16951338120040865,-1.0762934063818541,True,25.075441196630898,1.7804212263498944,3.1466002587050026,2.3022885226799192,peak_7,13,0.0645836164852085,True,23.159712130361086,-1.366202445539827,3.1466002587050026,1.5336957635138833,min_6,12,-1.8511454497846032,False,False,True,True
real,0,5,4,30.424876125859512,True,1.4250770508837278,-0.49151633652188165,-2.4420140046928553,0.3103766392569937,-0.7558982160469565,True,30.228168185150157,1.4736890286247684,0.7251067107356666,1.0859534841169443,peak_8,15,-0.1967079407093557,True,31.195706846138982,0.748436544957193,0.7251067107356666,0.7698925484590973,min_8,16,0.77083072027947,False,False,True,True
real,0,5,5,32.93506158773919,True,1.8388790558208357,-1.0177656791257446,-2.3400498115150095,-0.7567489886393625,-1.0233939522645374,True,32.48902827139491,2.06470840996401,5.4386376751961265,5.058848499585679,peak_9,17,-0.446033316344284,True,31.195706846138982,0.748436544957193,0.7251067107356666,0.7698925484590973,min_8,16,-1.7393547416002093,False,False,True,True
real,0,5,6,37.586178158825675,True,1.0223000561581368,0.4107093774707842,-2.6199279035146987,0.3724258476048393,-0.9234241825268326,True,37.74323171140487,1.054544349656935,1.8496782532572953,1.6733105046972787,peak_10,19,0.1570535525791925,True,39.224507717562474,-0.7951826758896678,1.8496782532572953,1.7578329818487237,min_10,20,1.6383295587367996,False,False,True,True
real,0,5,7,40.9187190121475,True,1.4213510115159036,1.5868242623348294,-2.5482340419686107,0.6150207841994904,-0.7958036025126118,True,41.57307054679884,1.9319693220508258,4.311886629610019,4.2205040558735485,peak_11,21,0.6543515346513402,True,39.224507717562474,-0.7951826758896678,1.8496782532572953,1.7578329818487237,min_10,20,-1.694211294585024,False,False,True,True
real,0,5,8,43.327073280915,True,0.31766539709251607,0.74564908430267,-0.20900007715159763,-0.46080241349059237,-0.037335927780667744,True,43.71752202428259,0.4934054324432863,0.32209678388504676,0.7059720658987589,peak_12,23,0.3904487433675854,True,43.04431677895748,0.1712470520358853,0.32209678388504676,0.5287789592653553,min_11,22,-0.2827565019575218,False,False,True,True
real,0,5,9,48.00515088116716,True,1.825953815666539,1.7907427129188613,-2.3095079168998236,1.1178932487810784,-1.0043436586649706,True,48.87815219687048,2.583780516167962,5.19024112994877,3.1299406314580573,peak_13,25,0.8730013157033198,True,45.63199483167731,-3.374268769775031,5.4386376751961265,2.5292034669015813,min_12,24,-2.3731560494898503,False,False,True,True
real,0,5,10,49.7738324776723,True,1.7658965788948853,-1.9047296360398587,-2.4431311605740724,-0.8381070009545761,-0.886392256423861,True,48.87815219687048,2.583780516167962,5.19024112994877,3.1299406314580573,peak_13,25,-0.8956802808018196,True,51.250981941628105,-1.2592833755830557,2.0282456176671846,1.4035887681202985,min_13,26,1.4771494639558043,False,False,True,True
real,0,5,11,52.970321477714464,True,0.7152069689490586,-0.5460705542755372,-2.7750791204890026,-0.3963343170795831,-0.8806352646915866,True,52.77235623743714,0.7691897338205772,2.0282456176671846,1.701093891241817,peak_14,27,-0.19796524027732687,True,54.52704907473976,-2.606759074584069,5.040337176660826,2.0086721436611334,min_14,28,1.5567275970252936,False,False,True,True
real,0,5,12,56.44624769706339,True,0.37761668050159913,-0.773715118310237,-2.747842303464731,0.13347742960741515,-0.5831706461557845,False,56.17614130935087,0.48310973154676284,0.9623789562153141,1.1605307555739182,peak_15,29,-0.2701063877125236,True,57.22766368193761,-0.4794705377048484,0.9623789562153141,1.1246470969138227,min_15,30,0.781415984874215,False,False,False,True
real,0,5,13,59.34704400260235,True,1.7485987373040304,1.7832568425728441,-2.2952482760550446,0.6137138604764437,-0.7802023849509265,False,56.17614130935087,0.48310973154676284,0.9623789562153141,1.1605307555739182,peak_15,29,-3.1709026932514845,False,57.22766368193761,-0.4794705377048484,0.9623789562153141,1.1246470969138227,min_15,30,-2.119380320664746,False,False,False,False
real,0,5,14,60.83177852460981,False,2.0312099314779024,-1.3332181088601183,-2.150458652101634,-0.9934865977100474,-1.1059305764080836,False,,,,,,,,False,,,,,,,,False,False,False,False
real,0,5,15,65.1125440480816,False,1.1700287412142893,0.534897076391821,-2.5608555588821016,0.6720517106088431,-0.9408687624772222,False,,,,,,,,False,,,,,,,,False,False,False,False
real,0,5,16,67.07981052949417,False,1.1846658054847796,0.9486676782350563,-2.436300963012774,0.2328393951848392,-0.6147973144365271,False,,,,,,,,False,,,,,,,,False,False,False,False
real,0,5,17,69.54640171117398,False,0.2728587561619985,-0.4624060539850938,-2.8692147317570713,-0.286478218173429,-0.34990461411589757,False,,,,,,,,False,,,,,,,,False,False,False,False
real,0,5,18,72.0671576744819,False,-0.326720884419748,-2.112062802851558,-1.3446917173983337,-0.7382275565950095,-0.1035441254042862,False,,,,,,,,False,,,,,,,,False,False,False,False
real,0,5,19,75.70469069908393,False,1.704684389810562,1.834426830273407,-2.41383015908563,1.129239960546446,-0.9913256031368833,False,,,,,,,,False,,,,,,,,False,False,False,False
real,0,5,20,77.1448400688748,False,2.1100797292222264,-1.245721013214259,-2.2450610176449075,-0.4324187837918985,-0.9290952966773509,False,,,,,,,,False,,,,,,,,False,False,False,False
real,0,29,1,14.134725141734695,True,4.070088954638712,-0.5334381128325938,-9.542168490538563,-0.21860625452251323,-2.9086467671291834,True,14.07720997506649,4.085294950248089,7.195215152927968,1.984646319226356,peak_8,9,-0.057515166668205,True,12.859772589448525,-0.3011831941249361,0.3427504688245825,0.3626698598496864,min_7,39,-1.2749525522861695,False,True,True,True
real,0,29,2,21.022039638771556,True,2.993128633997812,0.17763618851983987,-5.168797320323868,0.22738926062254028,-2.0679412058674953,True,21.0563151757879,2.996176517286414,3.959636780518847,1.5924392756529893,peak_12,11,0.034275537016345226,True,22.440935772060904,-0.9634988661197079,3.959636780518847,2.6119227067536666,min_12,46,1.4188961332893477,False,True,True,True
real,0,29,3,25.01085758014569,True,3.3079648914072126,0.7562137895294683,-16.820250921490903,-0.18814724042286218,-3.4053915527198138,True,25.055447294153954,3.3248640150419324,5.247566234097933,1.3101215572222737,peak_14,13,0.04458971400826428,True,23.474881993511115,-0.7722989455733515,0.24104757144806965,0.38596291347948863,min_13,12,-1.5359755866345743,False,False,True,True
real,0,29,4,30.424876125859512,True,3.1330381171654675,2.1904698051204017,-14.274952104721384,0.7595581768053613,-2.8579826498655194,True,30.567553112378963,3.2920165832581048,3.9053173476171246,1.1607237531404098,peak_16,15,0.14267698651945082,True,31.796813426655884,-0.6138263824307129,3.9053173476171246,1.1791934523210557,min_16,51,1.3719373007963718,False,True,True,True
real,0,29,5,32.93506158773919,True,3.413392553499058,-1.0647406296851571,-15.099449768913058,-0.6095141595887542,-3.268913520925315,True,32.86679182516914,3.4500862813549156,5.508376778485701,1.3650131934256933,peak_17,17,-0.06826976257005413,True,31.796813426655884,-0.6138263824307129,3.9053173476171246,1.1791934523210557,min_16,51,-1.1382481610833075,False,True,True,True
real,0,29,6,37.586178158825675,True,1.818739846727396,-0.012287161753171238,-5.091946622405469,0.27785850720828453,-1.6792155142828686,True,37.583768134913385,1.8187546591088029,3.8574646641176162,1.7343909357952725,peak_19,19,-0.002410023912290171,True,39.170630958245034,-2.039446089480763,3.8574646641176162,1.4924157376434597,min_19,20,1.5844527994193598,False,False,True,True
real,0,29,7,40.9187190121475,True,2.7036589531085125,0.366824185849596,-8.65484243904072,0.20763432940656545,-2.250998488689124,True,40.96165677144444,2.7115005534787118,5.256963017097064,1.69076016055918,peak_20,54,0.042937759296940214,True,42.066808561114954,-0.6548774013005577,3.2718687042668333,1.2251032825481616,min_20,55,1.1480895489674552,True,True,True,True
real,0,29,8,43.327073280915,True,2.5525181722681367,1.3899671182100375,-14.117342368279584,-0.3854583253740549,-2.7743020122783477,True,43.41849730032401,2.617409135370294,3.2718687042668333,1.063340849206479,peak_21,23,0.09142401940901124,True,42.066808561114954,-0.6548774013005577,3.2718687042668333,1.2251032825481616,min_20,55,-1.2602647198000483,False,True,True,True
real,0,29,9,48.00515088116716,True,2.4546788469661536,-1.9691940817424816,-7.548340176326336,0.45655035217563134,-1.967677699040684,True,47.82261938456624,2.6516535190426334,1.5774549310339114,0.7377508294672316,peak_23,59,-0.18253149660092305,True,48.70320787912629,1.0741091158343026,1.5774549310339114,0.9059130568778164,min_23,60,0.698056997959128,True,True,True,True
real,0,29,10,49.7738324776723,True,2.5400425403438933,-1.5917842309573973,-5.529823256822329,-0.5810645341068124,-1.720001951387052,True,49.572466201386135,2.716361709216649,5.230411489398205,3.416698285728107,peak_24,61,-0.20136627628616566,True,48.70320787912629,1.0741091158343026,1.5774549310339114,0.9059130568778164,min_23,60,-1.0706245985460114,True,True,True,True
real,0,29,11,52.970321477714464,True,1.73355648172627,-1.0332604572390087,-10.970495388930066,-0.33450215981947024,-2.2162395026331594,True,52.88455561194029,1.779049422737781,3.930327856187011,1.4342572034228034,peak_25,27,-0.08576586577417089,True,51.42133716573082,-2.151423173217225,3.930327856187011,1.511847530451496,min_24,26,-1.548984311983645,False,True,True,True
real,0,29,12,56.44624769706339,True,1.5980328133018238,2.8860340519441947,-6.359625156324589,0.7012496133230672,-1.7343847846113383,True,56.70320131586912,2.0158095827743816,4.427525868332198,1.4572881650857108,peak_26,62,0.2569536188057313,True,57.813573971440654,-2.4121665605121585,4.427525868332198,1.1317192205156517,min_26,63,1.3673262743772625,True,True,True,True
real,0,29,13,59.34704400260235,True,2.7474716446067475,-1.7093597451090123,-12.032463800986656,0.11577548513736344,-2.1604769937510055,False,59.22053160314761,2.858762595632618,1.3615571481328426,0.6589709722042789,peak_27,64,-0.12651239945473947,False,57.813573971440654,-2.4121665605121585,4.427525868332198,1.1317192205156517,min_26,63,-1.5334700311616984,True,True,False,False
real,0,29,14,60.83177852460981,False,2.8367577921882363,-2.509350487392056,-14.964238778187573,-1.2175654418995205,-2.7770353863274435,False,,,,,,,,False,,,,,,,,False,False,False,False
real,0,29,15,65.1125440480816,False,1.8429157550335202,-0.12311101545089354,-9.878232512150142,0.6783490836351851,-2.084964938017262,False,,,,,,,,False,,,,,,,,False,False,False,False
real,0,29,16,67.07981052949417,False,2.495497510991524,0.870938944505033,-9.829488314045769,0.1367736628186102,-2.2818533107145345,False,,,,,,,,False,,,,,,,,False,False,False,False
real,0,29,17,69.54640171117398,False,2.730905743945661,0.05061774473831604,-17.64537612263143,-0.22170275460204372,-3.324061256460516,False,,,,,,,,False,,,,,,,,False,False,False,False
real,0,29,18,72.0671576744819,False,1.2617284683350443,-3.2439252427864442,-7.802533365698531,-0.7471181695438998,-1.8498195008807408,False,,,,,,,,False,,,,,,,,False,False,False,False
real,0,29,19,75.70469069908393,False,1.7620144878510082,-0.8550021557713667,-3.6619336515563745,0.7414606935049655,-1.0136927490503431,False,,,,,,,,False,,,,,,,,False,False,False,False
real,0,29,20,77.1448400688748,False,2.816183662620252,-1.7126717403345495,-10.793373402890454,-0.5526191348701217,-2.122323745179533,False,,,,,,,,False,,,,,,,,False,False,False,False
real,0,101,1,14.134725141734695,True,4.467901100534281,0.744991537217048,-16.41872068590469,-0.08812522427765825,-3.720153160616828,True,14.177997793770418,4.484262723372207,7.395809300817123,1.667889878758906,peak_10,9,0.04327265203572317,True,12.878208008660822,-0.12074231330595184,0.22557154375857383,0.3108089695079411,min_9,39,-1.2565171330738725,False,False,True,True
real,0,101,2,21.022039638771556,True,3.677851787417558,1.1507081890416448,-14.970216556100747,0.341826362535668,-3.3607593371249442,True,21.095585565993893,3.7207258242497536,5.794661455568283,1.42031417183224,peak_13,11,0.07354592722233733,True,22.162952873318993,-0.958406567899391,0.7566834991843181,0.4458614763927744,min_13,46,1.1409132345474369,False,False,True,True
real,0,101,3,25.01085758014569,True,3.467417928383656,0.7016292013025749,-20.409145647204635,-0.20013094844847734,-3.7592075212442158,True,25.045500211003585,3.479536016433546,4.650323572142737,1.1125515822824128,peak_15,13,0.03464263085789554,True,26.159872282004454,-1.7275547573029302,0.5781257701433162,0.3706778262900343,min_15,75,1.1490147018587642,False,True,True,True
real,0,101,4,30.424876125859512,True,3.6411858568462896,2.1760730558710564,-24.23637010444733,0.7204195979070979,-3.9208506165608594,True,30.511611716246684,3.736236256347883,6.131362899807044,1.351685099916317,peak_18,15,0.08673559038717116,True,31.5761691908631,-0.37579277745788053,3.4061030008480135,1.2438597026033766,min_18,51,1.151293065003589,False,False,True,True
real,0,101,5,32.93506158773919,True,3.0271696968185653,-0.21572124734193465,-6.997745472672301,-0.5236812812715675,-2.4487721634071944,True,32.90468432846474,3.030464265231713,3.4061030008480135,1.217017418817036,peak_19,17,-0.03037725927445223,True,34.179986511676,-2.2084920757301636,1.0980628544127295,0.47504659904752317,min_19,52,1.2449249239368072,False,True,True,True
real,0,101,6,37.586178158825675,True,3.183818998829107,0.34377055686038765,-25.159344327649137,0.28489723542611534,-4.305576842245505,True,37.59976076360343,3.1861581305284155,6.064218271163853,1.129844099292377,peak_22,19,0.01358260477775275,True,38.5131281781494,-1.1877843345553287,0.2890237882365997,0.31601047451278647,min_22,79,0.9269500193237263,False,True,True,True
real,0,101,7,40.9187190121475,True,3.0745361123541435,-0.7139324421347553,-12.277044224742575,0.13123757931351332,-2.819867479172993,True,40.86488395326776,3.0942094097220028,4.445344810615735,1.2816579186806485,peak_24,54,-0.05383505887974138,True,39.80213009709943,-1.3513347479269342,4.445344810615735,2.2622251142111054,min_23,81,-1.1165889150480695,False,True,True,True
real,0,101,8,43.327073280915,True,2.866939281886622,-0.11019869002345017,-15.22984786014936,-0.6008187254303268,-3.2456577452859796,True,43.31983820526309,2.867337943694052,3.7200607452523746,1.0262858271238202,peak_25,23,-0.007235075651912837,True,42.06966042050787,-0.8534820812346295,3.7200607452523746,1.1910565050411241,min_24,55,-1.257412860407129,False,False,True,True
real,0,101,9,48.00515088116716,True,3.4972520299185117,1.5900172799874714,-25.460358599545934,0.9216357659571928,-4.071173962989589,True,48.06758420787226,3.5468072610227392,3.626906259228252,0.8502466136173916,peak_26,59,0.06243332670509716,True,48.928719390674715,-0.08203074109304268,3.626906259228252,0.782359199027369,min_26,60,0.9235685095075539,False,False,True,True
real,0,101,10,49.7738324776723,True,3.8895971308821924,-1.1669697261430507,-26.103039433346847,-0.5160640145026028,-4.378211123422359,True,49.72968293649416,3.9154564313218567,6.196995905515296,1.1141368609972961,peak_27,61,-0.04414954117814318,True,48.928719390674715,-0.08203074109304268,3.626906259228252,0.782359199027369,min_26,60,-0.8451130869975856,False,False,True,True
real,0,101,11,52.970321477714464,True,2.416342194834164,-2.117180369026399,-19.342345062647166,-0.4067377969861258,-3.4511533511033647,True,52.87845185417341,2.51840653245096,4.175445104082418,0.9945973228357252,peak_29,27,-0.09186962354105077,True,51.91117072425208,-1.6573285840965029,4.175445104082418,2.1257704570643363,min_28,26,-1.059150753462383,False,False,True,True
real,0,101,12,56.44624769706339,True,2.638526450786113,0.389178074028268,-25.630616063765423,0.3665445710973176,-3.9359449386905085,True,56.46140950730101,2.6414778838569912,4.196823873440239,0.9424488178005959,peak_31,62,0.015161810237621864,True,57.50140264296525,-1.5553880047698434,4.196823873440239,1.87261393957524,min_31,63,1.0551549459018617,False,False,True,True
real,0,101,13,59.34704400260235,True,4.0439537309471,0.6629035536633999,-33.746272537934836,0.4191709455702591,-4.792606315876156,True,59.36663128744324,4.050450755708212,3.283625737455158,0.6882662796382829,peak_33,64,0.01958728484088823,False,58.427318497095655,-1.0707082858570485,0.40251837973021076,0.3294608727216655,min_32,88,-0.9197255055066975,False,True,False,False
real,0,101,14,60.83177852460981,False,3.661447833440744,-1.3181411814644575,-32.54139620856431,-0.9940627929801668,-4.677634106082154,False,,,,,,,,False,,,,,,,,False,False,False,False
real,0,101,15,65.1125440480816,False,2.8090142080797365,0.6038254994469702,-23.900701921589583,0.7714274627629644,-3.927162001735354,False,,,,,,,,False,,,,,,,,False,False,False,False
real,0,101,16,67.07981052949417,False,2.785728682793939,-1.5911639514133937,-12.395640398956992,-0.19216137586373255,-2.7027882296661256,False,,,,,,,,False,,,,,,,,False,False,False,False
real,0,101,17,69.54640171117398,False,2.3147338273148312,-0.09892598134769737,-9.141602829852303,-0.27936664731638666,-2.488392896056503,False,,,,,,,,False,,,,,,,,False,False,False,False
real,0,101,18,72.0671576744819,False,1.6919447591440548,0.2386725527948631,-13.544415550872737,-0.30870694595304266,-2.594250612462891,False,,,,,,,,False,,,,,,,,False,False,False,False
real,0,101,19,75.70469069908393,False,2.971804842925822,-0.007883742431988472,-22.407786467828974,0.8462374094653644,-3.3569379547629894,False,,,,,,,,False,,,,,,,,False,False,False,False
real,0,101,20,77.1448400688748,False,3.4442255913082036,2.2009405995248796,-25.2122424598054,-0.07881811305442399,-3.5759922829295747,False,,,,,,,,False,,,,,,,,False,False,False,False
