dataset,replicate,prime_cutoff,zero_index,gamma,in_window,phase_at_gamma,phase_slope_at_gamma,abs_rotation_window_percentile,nearest_stationary_phase_offset,nearest_rotation_max_grid_offset
real,0,5,1,14.134725141734695,True,-0.316387097799844,-1.14274587269999,0.8710429856714429,1.1208709637080556,-0.3547251417346935
real,0,5,2,21.022039638771556,True,0.28905001716413237,-1.0760250422160742,0.817727424191936,-1.1249422445373582,0.11796036122844455
real,0,5,3,25.01085758014569,True,-0.16951338120040865,-1.0762934063818541,0.817727424191936,-1.122650972844692,0.1891424198543099
real,0,5,4,30.424876125859512,True,0.3103766392569937,-0.7558982160469565,0.5228257247584138,0.46642186705694755,-0.444876125859512
real,0,5,5,32.93506158773919,True,-0.7567489886393625,-1.0233939522645374,0.7650783072309231,0.9447051409513207,-0.23506158773918884
real,0,5,6,37.586178158825675,True,0.3724258476048393,-0.9234241825268326,0.676441186271243,-0.912330412927048,0.073821841174329
real,0,5,7,40.9187190121475,True,0.6150207841994904,-0.7958036025126118,0.5574808397200933,-0.4858606271236354,0.6012809878525047
real,0,5,8,43.327073280915,True,-0.46080241349059237,-0.037335927780667744,0.021992669110296566,-0.016226981880855362,-0.38707328091500415
real,0,5,9,48.00515088116716,True,1.1178932487810784,-1.0043436586649706,0.7444185271576141,-0.7445656095169042,0.7948491188328433
real,0,5,10,49.7738324776723,True,-0.8381070009545761,-0.886392256423861,0.6387870709763412,0.5509943522395631,-0.9738324776722962
real,0,5,11,52.970321477714464,True,-0.3963343170795831,-0.8806352646915866,0.6304565144951683,0.8516734881206318,-0.11032147771446432
real,0,5,12,56.44624769706339,True,0.13347742960741515,-0.5831706461557845,0.3558813728757081,0.3505141904400162,-0.4262476970633884
real,0,5,13,59.34704400260235,True,0.6137138604764437,-0.7802023849509265,0.5464845051649451,-0.4278147273331143,-0.8070440026023533
real,0,5,14,60.83177852460981,False,-0.9934865977100474,-1.1059305764080836,,,
real,0,5,15,65.1125440480816,False,0.6720517106088431,-0.9408687624772222,,,
real,0,5,16,67.07981052949417,False,0.2328393951848392,-0.6147973144365271,,,
real,0,5,17,69.54640171117398,False,-0.286478218173429,-0.34990461411589757,,,
real,0,5,18,72.0671576744819,False,-0.7382275565950095,-0.1035441254042862,,,
real,0,5,19,75.70469069908393,False,1.129239960546446,-0.9913256031368833,,,
real,0,5,20,77.1448400688748,False,-0.4324187837918985,-0.9290952966773509,,,
real,0,29,1,14.134725141734695,True,-0.21860625452251323,-2.9086467671291834,0.947350883038987,0.7654772720494716,-0.034725141734694986
real,0,29,2,21.022039638771556,True,0.22738926062254028,-2.0679412058674953,0.8263912029323559,0.8547987254758347,0.11796036122844455
real,0,29,3,25.01085758014569,True,-0.18814724042286218,-3.4053915527198138,0.9820059980006665,-0.5444832439840148,0.06914241985431246
real,0,29,4,30.424876125859512,True,0.7595581768053613,-2.8579826498655194,0.9363545484838387,-0.5206759529494462,0.13512387414048987
real,0,29,5,32.93506158773919,True,-0.6095141595887542,-3.268913520925315,0.9740086637787404,-0.6435060689212406,-0.07506158773919225
real,0,29,6,37.586178158825675,True,0.27785850720828453,-1.6792155142828686,0.7194268577140953,-0.8166632917581822,-0.166178158825673
real,0,29,7,40.9187190121475,True,0.20763432940656545,-2.250998488689124,0.8637120959680107,0.7012682243789712,0.021280987852499322
real,0,29,8,43.327073280915,True,-0.3854583253740549,-2.7743020122783477,0.927357547484172,-0.5419978422639673,0.1529267190850021
real,0,29,9,48.00515088116716,True,0.45655035217563134,-1.967677699040684,0.8000666444518494,0.36908623218089787,-0.30515088116715816
real,0,29,10,49.7738324776723,True,-0.5810645341068124,-1.720001951387052,0.732755748083972,-0.7092332284351031,-0.21383247767229818
real,0,29,11,52.970321477714464,True,-0.33450215981947024,-2.2162395026331594,0.8570476507830723,-0.6560307755426962,-0.11032147771446432
real,0,29,12,56.44624769706339,True,0.7012496133230672,-1.7343847846113383,0.7384205264911696,-0.7067830560600754,0.3137523029366065
real,0,29,13,59.34704400260235,True,0.11577548513736344,-2.1604769937510055,0.8447184271909364,0.3151263362612795,-0.18704400260234877
real,0,29,14,60.83177852460981,False,-1.2175654418995205,-2.7770353863274435,,,
real,0,29,15,65.1125440480816,False,0.6783490836351851,-2.084964938017262,,,
real,0,29,16,67.07981052949417,False,0.1367736628186102,-2.2818533107145345,,,
real,0,29,17,69.54640171117398,False,-0.22170275460204372,-3.324061256460516,,,
real,0,29,18,72.0671576744819,False,-0.7471181695438998,-1.8498195008807408,,,
real,0,29,19,75.70469069908393,False,0.7414606935049655,-1.0136927490503431,,,
real,0,29,20,77.1448400688748,False,-0.5526191348701217,-2.122323745179533,,,
real,0,101,1,14.134725141734695,True,-0.08812522427765825,-3.720153160616828,0.9363545484838387,0.6239121625910364,0.10527485826530558
real,0,101,2,21.022039638771556,True,0.341826362535668,-3.3607593371249442,0.9113628790403199,-0.6929160501703819,0.09796036122844498
real,0,101,3,25.01085758014569,True,-0.20013094844847734,-3.7592075212442158,0.939353548817061,-0.4754247312904063,0.029142419854309765
real,0,101,4,30.424876125859512,True,0.7204195979070979,-3.9208506165608594,0.9526824391869377,-0.4811570798237774,0.0751238741404876
real,0,101,5,32.93506158773919,True,-0.5236812812715675,-2.4487721634071944,0.805731422859047,-0.6673813374309674,0.24493841226080804
real,0,101,6,37.586178158825675,True,0.28489723542611534,-4.305576842245505,0.9723425524825058,0.49683728448565034,0.03382184117432274
real,0,101,7,40.9187190121475,True,0.13123757931351332,-2.819867479172993,0.8627124291902699,-0.6336600063934412,-0.13871901214749727
real,0,101,8,43.327073280915,True,-0.6008187254303268,-3.2456577452859796,0.9020326557814062,0.5631857170121535,0.0729267190849967
real,0,101,9,48.00515088116716,True,0.9216357659571928,-4.071173962989589,0.9630123292235921,-0.48115615276665125,0.034849118832838144
real,0,101,10,49.7738324776723,True,-0.5160640145026028,-4.378211123422359,0.9753415528157281,0.4823639739042207,-0.03383247767229847
real,0,101,11,52.970321477714464,True,-0.4067377969861258,-3.4511533511033647,0.919026991002999,-0.5278104749272075,-0.13032147771446034
real,0,101,12,56.44624769706339,True,0.3665445710973176,-3.9359449386905085,0.9543485504831722,0.5117637622775106,0.01375230293660934
real,0,101,13,59.34704400260235,True,0.4191709455702591,-4.792606315876156,0.9816727757414195,0.43264093499745826,0.012955997397646968
real,0,101,14,60.83177852460981,False,-0.9940627929801668,-4.677634106082154,,,
real,0,101,15,65.1125440480816,False,0.7714274627629644,-3.927162001735354,,,
real,0,101,16,67.07981052949417,False,-0.19216137586373255,-2.7027882296661256,,,
real,0,101,17,69.54640171117398,False,-0.27936664731638666,-2.488392896056503,,,
real,0,101,18,72.0671576744819,False,-0.30870694595304266,-2.594250612462891,,,
real,0,101,19,75.70469069908393,False,0.8462374094653644,-3.3569379547629894,,,
real,0,101,20,77.1448400688748,False,-0.07881811305442399,-3.5759922829295747,,,
phase_scrambled,0,5,1,14.134725141734695,True,0.5322755496601288,0.7658010826246201,0.5538153948683772,1.1010538076983423,-0.3347251417346939
phase_scrambled,0,5,2,21.022039638771556,True,-0.6788780881605567,0.9532542311388581,0.7094301899366877,-0.9188491205517515,-0.402039638771555
phase_scrambled,0,5,3,25.01085758014569,True,-0.6274569674572459,-0.17864836114822935,0.10463178940353215,0.07093935386721384,0.589142419854312
phase_scrambled,0,5,4,30.424876125859512,True,-0.6614861543759272,0.1855876675655141,0.109296901032989,-0.12849094012127793,-0.3048761258595114
phase_scrambled,0,5,5,32.93506158773919,True,0.8890199550946825,0.29471704083966543,0.17394201932689105,0.7514705297171247,0.34493841226080946
phase_scrambled,0,5,6,37.586178158825675,True,-0.38693040580162474,1.764961917245749,0.9610129956681106,0.6390225020828311,-0.10617815882567072
phase_scrambled,0,5,7,40.9187190121475,True,0.39102267034142857,0.7072605407195802,0.5084971676107964,0.6132501830268353,0.18128098785250302
phase_scrambled,0,5,8,43.327073280915,True,0.06162405182529401,0.6696692770349627,0.4721759413528824,-0.28693956781861374,0.09292671908499983
phase_scrambled,0,5,9,48.00515088116716,True,-1.8045074991527006,-0.3283430908721479,0.19326891036321225,0.14943327937546513,1.0148491188328421
phase_scrambled,0,5,10,49.7738324776723,True,1.780250106463861,0.36729181727230426,0.21792735754748419,0.12243337706848223,-0.7538324776722973
phase_scrambled,0,5,11,52.970321477714464,True,-0.04419479576180646,0.5244092537877796,0.33055648117294234,0.2286682134356397,-0.13032147771446034
phase_scrambled,0,5,12,56.44624769706339,True,-0.5904655726884509,0.3320763374904231,0.1962679106964345,-0.13731408124170486,0.3137523029366065
phase_scrambled,0,5,13,59.34704400260235,True,-0.10050287810723818,-0.6842536090586984,0.485838053982006,0.572239792077724,-0.14704400260234962
phase_scrambled,0,5,14,60.83177852460981,False,1.0652660104289964,1.884791912121508,,,
phase_scrambled,0,5,15,65.1125440480816,False,-0.7984043015897555,-0.2186747208223458,,,
phase_scrambled,0,5,16,67.07981052949417,False,0.24725883647353075,1.3014993513723585,,,
phase_scrambled,0,5,17,69.54640171117398,False,0.808935125703143,-0.9723099627439135,,,
phase_scrambled,0,5,18,72.0671576744819,False,-0.36106252747374534,2.0016532794249415,,,
phase_scrambled,0,5,19,75.70469069908393,False,-1.3922169781307396,0.5236726676105407,,,
phase_scrambled,0,5,20,77.1448400688748,False,0.6439303114158337,0.24127070022261093,,,
phase_scrambled,0,29,1,14.134725141734695,True,0.16519897640237052,-0.1531916116304758,0.10296567810729756,-0.14212201409054614,0.10527485826530558
phase_scrambled,0,29,2,21.022039638771556,True,-1.8215632683246694,0.9961168232599855,0.5358213928690436,-0.12222446410860144,0.597960361228445
phase_scrambled,0,29,3,25.01085758014569,True,-0.7146267386885027,1.6778476593002247,0.7280906364545152,-0.2592029194566763,0.24914241985431218
phase_scrambled,0,29,4,30.424876125859512,True,-0.4556294597540841,-0.44987076622708033,0.2735754748417194,-0.1528964325464912,0.0751238741404876
phase_scrambled,0,29,5,32.93506158773919,True,1.8321930928559595,-0.061371687212777304,0.039986671109630126,-0.020020319885325932,-0.6950615877391897
phase_scrambled,0,29,6,37.586178158825675,True,0.1814441522083889,1.8377793207497657,0.7720759746751082,0.3377758934346886,-0.406178158825675
phase_scrambled,0,29,7,40.9187190121475,True,0.2172839839622785,2.154382015915148,0.842052649116961,-0.3488737975228844,0.1612809878524999
phase_scrambled,0,29,8,43.327073280915,True,0.1608144887759682,0.671354364668909,0.38120626457847384,0.2261115783062806,-0.08707328091499988
phase_scrambled,0,29,9,48.00515088116716,True,-0.6401714788765289,0.3434053459761435,0.218593802065978,0.04143419768065115,-0.36515088116716043
phase_scrambled,0,29,10,49.7738324776723,True,1.7380274152583355,0.8612224681036074,0.46817727424191935,0.1485555447097724,-0.5538324776723016
phase_scrambled,0,29,11,52.970321477714464,True,-0.6507268854253776,0.6138761035801088,0.35088303898700435,-0.1209189809132738,0.20967852228553596
phase_scrambled,0,29,12,56.44624769706339,True,-1.2563511025224283,-0.4570192863122028,0.2782405864711763,0.05024127837626935,-0.30624769706339094
phase_scrambled,0,29,13,59.34704400260235,True,0.292308778532316,-0.42106991003506034,0.26124625124958345,-0.060830847434417024,-0.3070440026023533
phase_scrambled,0,29,14,60.83177852460981,False,0.8739102396467764,3.7059408069608963,,,
phase_scrambled,0,29,15,65.1125440480816,False,-0.6935999241557989,-1.7588538750218086,,,
phase_scrambled,0,29,16,67.07981052949417,False,1.0162921716856788,1.4910401688259307,,,
phase_scrambled,0,29,17,69.54640171117398,False,0.8359864211037396,-2.0287118638869743,,,
phase_scrambled,0,29,18,72.0671576744819,False,-0.147324949729823,1.5497305988477055,,,
phase_scrambled,0,29,19,75.70469069908393,False,-1.8797471761408133,-0.8294514032599279,,,
phase_scrambled,0,29,20,77.1448400688748,False,1.5992146307319892,1.6752488825560394,,,
phase_scrambled,0,101,1,14.134725141734695,True,-0.20304862498824638,-0.08608118514412681,0.032989003665444855,0.011570972595887241,-0.3547251417346935
phase_scrambled,0,101,2,21.022039638771556,True,-1.6577827692565008,-0.7201023968270859,0.2239253582139287,0.06927091835156318,-0.16203963877155658
phase_scrambled,0,101,3,25.01085758014569,True,-1.4230606728468809,2.4156356041335862,0.6947684105298234,-0.1422393833923259,0.3291424198543105
phase_scrambled,0,101,4,30.424876125859512,True,-0.9636483683281268,-2.557486609663769,0.7217594135288238,0.21605423616010455,-0.08487612585951254
phase_scrambled,0,101,5,32.93506158773919,True,2.4487018012342228,0.893829779677393,0.2725758080639787,0.06546231366273503,-0.5350615877391931
phase_scrambled,0,101,6,37.586178158825675,True,-0.10705308268795627,2.5111264338886508,0.7120959680106631,0.5377311073880406,-0.2461781588256713
phase_scrambled,0,101,7,40.9187190121475,True,-0.03791474765360748,3.3522596006061636,0.8470509830056647,-0.26154073556852353,0.1612809878524999
phase_scrambled,0,101,8,43.327073280915,True,0.24101477967068213,-2.359472102823271,0.6837720759746752,-0.2990152634906593,0.13292671908499898
phase_scrambled,0,101,9,48.00515088116716,True,-0.8963619819703256,-2.758685273668818,0.7657447517494168,-0.31916095579425985,0.014849118832842123
phase_scrambled,0,101,10,49.7738324776723,True,1.4530864579644607,1.3160855348875815,0.40153282239253585,0.42507125986690397,0.12616752232769812
phase_scrambled,0,101,11,52.970321477714464,True,-0.21463049286239677,1.6501501537619077,0.5068310563145618,0.24828512930605484,-0.0903214777144612
phase_scrambled,0,101,12,56.44624769706339,True,-1.1810625135243817,-0.9546279927274242,0.29090303232255915,0.0830746394008699,-0.20624769706338952
phase_scrambled,0,101,13,59.34704400260235,True,0.7003496680498461,1.3815180184586136,0.425191602799067,0.09621213332197698,-0.22704400260234792
phase_scrambled,0,101,14,60.83177852460981,False,1.267457710832264,7.1011486782847175,,,
phase_scrambled,0,101,15,65.1125440480816,False,-0.9846824465046617,-2.4212200864529363,,,
phase_scrambled,0,101,16,67.07981052949417,False,0.3704191208234486,-0.02654995841505653,,,
phase_scrambled,0,101,17,69.54640171117398,False,1.6407409717482446,-1.8142707780005125,,,
phase_scrambled,0,101,18,72.0671576744819,False,-0.2475282951008495,1.0494877243914496,,,
phase_scrambled,0,101,19,75.70469069908393,False,-2.6722970699173354,-1.0304817095276424,,,
phase_scrambled,0,101,20,77.1448400688748,False,0.9762461771241043,0.7035189732818851,,,
phase_scrambled,1,5,1,14.134725141734695,True,-0.5124267601405681,-0.8122317685531598,0.5718093968677108,0.6124748980712127,-0.2947251417346948
phase_scrambled,1,5,2,21.022039638771556,True,-0.27392784356422833,-0.6256453131497561,0.41652782405864713,-0.34007046629483995,0.5579603612284458
phase_scrambled,1,5,3,25.01085758014569,True,1.5261330555559263,-0.2232519989789508,0.12529156947684106,-0.0917758133650004,-0.7908575801456905
phase_scrambled,1,5,4,30.424876125859512,True,-0.20284470797199658,-1.0787617085269803,0.8237254248583805,1.2391873992598335,-0.004876125859510694
phase_scrambled,1,5,5,32.93506158773919,True,-0.5650140562822855,0.541233228434715,0.34221926024658444,-1.2709980626198458,0.3649384122608055
phase_scrambled,1,5,6,37.586178158825675,True,0.09119314540857126,-1.1633839881788193,0.8967010996334556,-1.2725936833987959,0.19382184117432644
phase_scrambled,1,5,7,40.9187190121475,True,0.24163118760173313,-0.36217799393774996,0.20859713428857046,-0.20756790639723732,0.4012809878525019
phase_scrambled,1,5,8,43.327073280915,True,0.22468655381293018,0.1280846424448287,0.07064311896034656,-0.09656936824886486,-0.2670732809149996
phase_scrambled,1,5,9,48.00515088116716,True,0.3105956160944937,0.020253642982293596,0.010996334555148283,0.00785002251063105,-0.3451508811671573
phase_scrambled,1,5,10,49.7738324776723,True,-1.2310839704141587,-0.9899226062626731,0.7244251916027991,0.8694194522832888,-0.5338324776722985
phase_scrambled,1,5,11,52.970321477714464,True,1.5441859084016258,-0.8494528283664016,0.6034655114961679,-0.5909155840146809,0.8696785222855397
phase_scrambled,1,5,12,56.44624769706339,True,-0.33677503965764194,-0.5116571611017117,0.3138953682105965,0.4265398399352236,-0.08624769706339208
phase_scrambled,1,5,13,59.34704400260235,True,-0.5191980284857666,0.9221353870384803,0.6697767410863046,-0.39564474927355064,0.07295599739764924
phase_scrambled,1,5,14,60.83177852460981,False,0.4678082507293992,0.16901979047870025,,,
phase_scrambled,1,5,15,65.1125440480816,False,0.32260243465630956,-1.158961224538043,,,
phase_scrambled,1,5,16,67.07981052949417,False,-1.1700084297952282,0.6504603798904353,,,
phase_scrambled,1,5,17,69.54640171117398,False,0.4268960773699769,1.2364115313187956,,,
phase_scrambled,1,5,18,72.0671576744819,False,0.7759183016855733,-0.907171450919535,,,
phase_scrambled,1,5,19,75.70469069908393,False,0.5691274431552443,-0.5178282072796809,,,
phase_scrambled,1,5,20,77.1448400688748,False,-0.8036352488478936,-1.007526542245145,,,
phase_scrambled,1,29,1,14.134725141734695,True,-0.8514440905832765,1.9644868398707953,0.7554148617127624,-0.34830203342162847,0.08527485826530601
phase_scrambled,1,29,2,21.022039638771556,True,-0.6496345158883807,-0.21974244221551112,0.10496501166277908,0.08293686557282953,0.477960361228444
phase_scrambled,1,29,3,25.01085758014569,True,1.1690299601561538,-0.6499824501756462,0.30989670109963346,0.1794524531560171,-0.23085758014568825
phase_scrambled,1,29,4,30.424876125859512,True,0.11660667160218036,0.8352188681276098,0.37887370876374543,0.1893393390515996,-0.20487612585951354
phase_scrambled,1,29,5,32.93506158773919,True,-0.790885558593695,-0.1602752815935086,0.07564145284905031,0.08535702033761794,-0.13506158773919452
phase_scrambled,1,29,6,37.586178158825675,True,-0.18364587429641763,-3.1596780576371746,0.9503498833722093,0.5676090040905919,-0.18617815882567612
phase_scrambled,1,29,7,40.9187190121475,True,0.515883482913983,1.721223093680554,0.6997667444185272,0.3171944352541587,-0.038719012147495846
phase_scrambled,1,29,8,43.327073280915,True,-0.18016390375942845,3.3090693477354187,0.9596801066311229,-0.4496324494591448,0.2329267190850004
phase_scrambled,1,29,9,48.00515088116716,True,0.5003224064016728,-0.3654201963185774,0.1786071309563479,-0.05561618068287544,-0.36515088116716043
phase_scrambled,1,29,10,49.7738324776723,True,-0.8615802824245522,0.8629468787268326,0.39086971009663446,0.19104085341876242,-0.05383247767230159
phase_scrambled,1,29,11,52.970321477714464,True,0.8313043450344477,-0.6594032874793133,0.31556147950683106,0.13076458995924156,-0.39032147771446546
phase_scrambled,1,29,12,56.44624769706339,True,0.11775149757816283,1.1726471974218144,0.5094968343885371,0.4162038060941171,-0.5862476970633921
phase_scrambled,1,29,13,59.34704400260235,True,-0.488475868689944,1.3039384848808186,0.5698100633122293,-0.7146474555988647,0.052955997397646115
phase_scrambled,1,29,14,60.83177852460981,False,0.7684247326668993,0.23970238658371001,,,
phase_scrambled,1,29,15,65.1125440480816,False,-0.1381958722242268,-2.523296346986292,,,
phase_scrambled,1,29,16,67.07981052949417,False,-1.2161722530569232,-0.7522897806744624,,,
phase_scrambled,1,29,17,69.54640171117398,False,-0.10112108231490363,2.0887657757002978,,,
phase_scrambled,1,29,18,72.0671576744819,False,0.20024085889375187,1.3560884183600384,,,
phase_scrambled,1,29,19,75.70469069908393,False,1.1352021317272705,0.9443219529576159,,,
phase_scrambled,1,29,20,77.1448400688748,False,-1.3050372920700348,-1.2504295282006543,,,
phase_scrambled,1,101,1,14.134725141734695,True,-1.2052407547427137,2.927729796696725,0.7924025324891703,-0.2949049033508331,0.12527485826530516
phase_scrambled,1,101,2,21.022039638771556,True,-0.9337166502238844,0.45038430035188237,0.15561479506831055,-0.06311232645873943,0.41796036122844527
phase_scrambled,1,101,3,25.01085758014569,True,1.4716688551979686,-2.078820657272317,0.6341219593468844,-0.3508029615888226,0.06914241985431246
phase_scrambled,1,101,4,30.424876125859512,True,0.059415510328538174,0.6998009737935494,0.2392535821392869,0.11898743775411447,-0.1848761258595104
phase_scrambled,1,101,5,32.93506158773919,True,-0.45820505696018266,2.8557766810295306,0.7837387537487505,0.27598230860358797,-0.07506158773919225
phase_scrambled,1,101,6,37.586178158825675,True,0.42531037388657217,-3.616286811730888,0.8757080973008997,0.6498426556753856,0.21382184117432956
phase_scrambled,1,101,7,40.9187190121475,True,0.0456193706167122,0.7486121237019926,0.2542485838053982,-0.08634998882385503,-0.29871901214750096
phase_scrambled,1,101,8,43.327073280915,True,0.46058746116482885,0.522985644613807,0.17560813062312564,-0.8059140383495631,-0.4470732809149993
phase_scrambled,1,101,9,48.00515088116716,True,0.9630088744566725,-0.10605091758174268,0.03898700433188937,-0.008992620224837822,-0.38515088116716356
phase_scrambled,1,101,10,49.7738324776723,True,-0.27805068333368704,1.8161594685123046,0.5658113962012662,0.15360916715007278,-0.2338324776723013
phase_scrambled,1,101,11,52.970321477714464,True,1.1162763863031735,2.215022081418461,0.6714428523825392,-0.27317010469595004,-0.010321477714462901
phase_scrambled,1,101,12,56.44624769706339,True,0.5096196884195413,2.171090855420556,0.6567810729756748,0.22667786271288293,-0.2862476970633878
phase_scrambled,1,101,13,59.34704400260235,True,-0.3241057024226623,0.7018627305581102,0.24025324891702765,-0.6831279964014101,-0.3670440026023485
phase_scrambled,1,101,14,60.83177852460981,False,1.1001639527192795,-0.8507695169018984,,,
phase_scrambled,1,101,15,65.1125440480816,False,-0.07797980115713879,-1.9788402358993848,,,
phase_scrambled,1,101,16,67.07981052949417,False,-0.9417026699509926,-0.3821657701320064,,,
phase_scrambled,1,101,17,69.54640171117398,False,-0.7594887017808922,2.8138344951205627,,,
phase_scrambled,1,101,18,72.0671576744819,False,0.5976461508109256,-0.1403235903446226,,,
phase_scrambled,1,101,19,75.70469069908393,False,1.5963560950317752,0.2632246538233368,,,
phase_scrambled,1,101,20,77.1448400688748,False,-0.6701577742236984,-0.9778052754286997,,,
shuffled_rates,0,5,1,14.134725141734695,True,-0.3128135869581268,-1.2222426792019765,0.7950683105631456,1.1058025805828091,-0.3547251417346935
shuffled_rates,0,5,2,21.022039638771556,True,0.1431865730463115,-1.1521325192700018,0.7544151949350216,-1.1001695852896134,0.19796036122844285
shuffled_rates,0,5,3,25.01085758014569,True,0.10953569724951157,-1.1150347189909582,0.7060979673442186,-1.1588765972732666,0.04914241985431289
shuffled_rates,0,5,4,30.424876125859512,True,0.1435351770221548,-0.8872890446810904,0.5231589470176607,0.4448304682071793,-0.444876125859512
shuffled_rates,0,5,5,32.93506158773919,True,-0.7380443259362619,-1.1295864888415186,0.7237587470843052,0.9624452112122768,-0.25506158773919196
shuffled_rates,0,5,6,37.586178158825675,True,-0.02052597929675204,-0.9290769536546146,0.5584805064978341,1.0488275736351298,0.1538218411743273
shuffled_rates,0,5,7,40.9187190121475,True,0.7864520807080789,-0.9606129188477738,0.5811396201266245,-0.49858718238205313,0.5812809878525016
shuffled_rates,0,5,8,43.327073280915,True,-0.07999399333479668,0.03693423003542792,0.015661446184605132,0.010513485611376439,-0.38707328091500415
shuffled_rates,0,5,9,48.00515088116716,True,1.0807566006422746,-1.0826804179298304,0.6694435188270577,-0.7417080947046983,0.8548491188328384
shuffled_rates,0,5,10,49.7738324776723,True,-1.0164538911194634,-1.0230781210855822,0.6227924025324891,0.5748599267518202,-0.913832477672301
shuffled_rates,0,5,11,52.970321477714464,True,-0.025619089451494936,-0.9105009544631364,0.5414861712762412,1.0704345429548,-0.21032147771446574
shuffled_rates,0,5,12,56.44624769706339,True,-0.2482490665773915,-0.7089077708763684,0.3855381539486838,0.35039003909509603,-0.3662476970633932
shuffled_rates,0,5,13,59.34704400260235,True,0.8136299960722096,-0.9136751476230425,0.5441519493502166,-0.4193788628370072,-0.7870440026023502
shuffled_rates,0,5,14,60.83177852460981,False,-0.9104155823909108,-1.1623698422336761,,,
shuffled_rates,0,5,15,65.1125440480816,False,0.36577242115773567,-0.9687505495763581,,,
shuffled_rates,0,5,16,67.07981052949417,False,0.2246493724447069,-0.7685123320625564,,,
shuffled_rates,0,5,17,69.54640171117398,False,-0.1517302911443762,-0.5499109589514918,,,
shuffled_rates,0,5,18,72.0671576744819,False,-0.40378997979323017,-0.5829359475799677,,,
shuffled_rates,0,5,19,75.70469069908393,False,1.164189020633315,-1.1016991870800816,,,
shuffled_rates,0,5,20,77.1448400688748,False,-0.5308130204846774,-1.0466437750278872,,,
shuffled_rates,0,29,1,14.134725141734695,True,0.025003938590189942,-1.449849472342753,0.37187604131956015,-0.09237040437279909,0.24527485826530615
shuffled_rates,0,29,2,21.022039638771556,True,0.5488306828739412,-2.0524310328065614,0.5038320559813395,-0.3761688571954558,-0.20203963877155573
shuffled_rates,0,29,3,25.01085758014569,True,0.14196942846757488,-4.521523007953268,0.8793735421526158,-0.5833851194704316,0.04914241985431289
shuffled_rates,0,29,4,30.424876125859512,True,1.1413712172767314,-3.9195927215913744,0.8237254248583805,-0.24691670879794003,0.15512387414048945
shuffled_rates,0,29,5,32.93506158773919,True,-0.3407294375552703,-4.605777094772457,0.8883705431522826,0.5276540205114486,-0.05506158773918912
shuffled_rates,0,29,6,37.586178158825675,True,0.21928647536696044,-2.947448531798945,0.704431856047984,-0.15716016410616618,0.073821841174329
shuffled_rates,0,29,7,40.9187190121475,True,-0.6055746044905365,-1.0331031227478484,0.26991002999000335,0.02697017063843532,0.14128098785250387
shuffled_rates,0,29,8,43.327073280915,True,0.4508502567375692,-4.086160284488203,0.8367210929690103,-0.280464492566189,0.13292671908499898
shuffled_rates,0,29,9,48.00515088116716,True,-0.4391582637870465,-0.35044821200455956,0.09830056647784072,0.015159771901750219,0.09484911883284042
shuffled_rates,0,29,10,49.7738324776723,True,-1.0209610252816341,-1.5477194885395757,0.3912029323558814,0.17351720816069616,-0.2938324776722965
shuffled_rates,0,29,11,52.970321477714464,True,0.2991884978955238,-3.4218007320546806,0.7614128623792069,-0.5157059994695885,-0.11032147771446432
shuffled_rates,0,29,12,56.44624769706339,True,1.4949807425811636,-3.1338501077092196,0.728757080973009,-0.1934673753124585,0.37375230293660877
shuffled_rates,0,29,13,59.34704400260235,True,-0.8916346363836734,-3.34285358054624,0.7510829723425525,0.21157358710106422,-0.18704400260234877
shuffled_rates,0,29,14,60.83177852460981,False,-0.42127755797641925,-4.035611843836535,,,
shuffled_rates,0,29,15,65.1125440480816,False,-0.8733064079412466,-2.206513584571838,,,
shuffled_rates,0,29,16,67.07981052949417,False,-0.28763106635274166,0.44962218845140167,,,
shuffled_rates,0,29,17,69.54640171117398,False,-0.25598281206800777,-4.6725466950985,,,
shuffled_rates,0,29,18,72.0671576744819,False,-0.71956216739907,-0.41060865228628707,,,
shuffled_rates,0,29,19,75.70469069908393,False,-0.5116314583087733,-2.081088828673009,,,
shuffled_rates,0,29,20,77.1448400688748,False,0.042981999790389386,-3.4102978412276177,,,
shuffled_rates,0,101,1,14.134725141734695,True,-0.6486523116032323,-0.18007558589877998,0.040986337887370876,0.002636737009273915,0.08527485826530601
shuffled_rates,0,101,2,21.022039638771556,True,-0.795514730184002,-2.799843628054617,0.5484838387204265,0.1330331382272476,-0.06203963877155516
shuffled_rates,0,101,3,25.01085758014569,True,-0.12146203771355099,-6.175714562008874,0.8747084305231589,-0.43105493363170666,-0.010857580145689383
shuffled_rates,0,101,4,30.424876125859512,True,1.1542092529958965,-5.586987186234519,0.8413862045984671,-0.33868664823860684,0.13512387414048987
shuffled_rates,0,101,5,32.93506158773919,True,0.5940421764039291,-2.483328971917243,0.49250249916694433,-0.11130556936621616,-0.23506158773918884
shuffled_rates,0,101,6,37.586178158825675,True,0.3093968577378373,-3.508454484330039,0.6561146284571809,-0.48024376169853156,0.1738218411743233
shuffled_rates,0,101,7,40.9187190121475,True,-0.04158312618390472,-0.7681874218914186,0.15494835054981673,-0.1345881085782068,0.04128098785250245
shuffled_rates,0,101,8,43.327073280915,True,0.08975202959219597,-4.8551015128120785,0.7967344218593803,-0.47975514873478886,-0.10707328091500301
shuffled_rates,0,101,9,48.00515088116716,True,0.13182149075137978,-6.622361227444433,0.8913695434855048,0.2736516285298265,0.034849118832838144
shuffled_rates,0,101,10,49.7738324776723,True,0.04270710706646168,3.938553833589278,0.7010996334555148,0.046818071885120105,-0.013832477672302446
shuffled_rates,0,101,11,52.970321477714464,True,0.37277820333988204,-5.931572006720982,0.8603798733755414,-0.28482525128865177,-0.0903214777144612
shuffled_rates,0,101,12,56.44624769706339,True,-0.020993028543798448,-7.124648476992133,0.9043652115961346,0.3464495470267437,0.05375230293660849
shuffled_rates,0,101,13,59.34704400260235,True,-0.6733458527229134,-6.21946655689568,0.8760413195601466,0.2517657341648416,0.032955997397650094
shuffled_rates,0,101,14,60.83177852460981,False,-0.4293506229005375,-6.097748077271725,,,
shuffled_rates,0,101,15,65.1125440480816,False,-0.9545166998973105,-4.284587749946046,,,
shuffled_rates,0,101,16,67.07981052949417,False,0.28991994655079045,-1.792606661514559,,,
shuffled_rates,0,101,17,69.54640171117398,False,-0.8166736871589365,-0.6238710272043139,,,
shuffled_rates,0,101,18,72.0671576744819,False,-0.39248620025611897,-5.531647376804866,,,
shuffled_rates,0,101,19,75.70469069908393,False,0.5945650398942129,-5.675041831974591,,,
shuffled_rates,0,101,20,77.1448400688748,False,1.871571271798931,-5.9921707147257095,,,
shuffled_rates,1,5,1,14.134725141734695,True,-0.3912114105522951,-1.2342034792544183,0.8517160946351217,1.127616866633831,-0.25472514173469385
shuffled_rates,1,5,2,21.022039638771556,True,0.3749502482439532,-1.1421793179491218,0.7984005331556148,-1.1364332152673313,-0.00203963877155644
shuffled_rates,1,5,3,25.01085758014569,True,-0.056708711675816814,-1.1271670959109192,0.7780739753415529,-1.1677463770347423,0.08914241985431204
shuffled_rates,1,5,4,30.424876125859512,True,-0.049176929707684724,-0.9503124393373519,0.6284571809396867,0.4660326895556075,-0.28487612585951183
shuffled_rates,1,5,5,32.93506158773919,True,-0.5640749808146838,-1.0656027926805067,0.7150949683438854,1.1223826919148294,-0.4350615877391917
shuffled_rates,1,5,6,37.586178158825675,True,0.14811858509270817,-0.9547877128088147,0.6321226257914029,1.0693314884885226,0.21382184117432956
shuffled_rates,1,5,7,40.9187190121475,True,0.47496644550022815,-0.8371919520277865,0.5601466177940686,-0.7411102958148348,0.7812809878525044
shuffled_rates,1,5,8,43.327073280915,True,0.05682648859932485,-0.11328195527414009,0.09296901032989004,-0.02501869823024805,-0.38707328091500415
shuffled_rates,1,5,9,48.00515088116716,True,1.158576364117382,-1.1195550600647401,0.7677440853048983,-0.7672728414977925,0.8148491188328393
shuffled_rates,1,5,10,49.7738324776723,True,-0.9555490521286613,-1.0392590857056923,0.6974341886037987,0.5836331257070597,-0.9538324776723002
shuffled_rates,1,5,11,52.970321477714464,True,-0.38506280743804955,-0.8757326123171962,0.5818060646451183,0.9989585859627255,-0.0903214777144612
shuffled_rates,1,5,12,56.44624769706339,True,0.2248965882081902,-0.6166648508485483,0.4051982672442519,0.6267137611555214,-0.48624769706339066
shuffled_rates,1,5,13,59.34704400260235,True,0.8323358798452078,-0.9936160319405131,0.6621126291236255,-0.435417939452428,-0.7870440026023502
shuffled_rates,1,5,14,60.83177852460981,False,-0.9247107555969769,-1.1640252798156494,,,
shuffled_rates,1,5,15,65.1125440480816,False,0.36819358515080386,-1.0072443998800118,,,
shuffled_rates,1,5,16,67.07981052949417,False,0.5684854008728788,-0.827084615641432,,,
shuffled_rates,1,5,17,69.54640171117398,False,-0.6535160077663864,-0.542093167387981,,,
shuffled_rates,1,5,18,72.0671576744819,False,-0.46346076159641325,-0.346296645223355,,,
shuffled_rates,1,5,19,75.70469069908393,False,1.0450128159498975,-1.0414627871504814,,,
shuffled_rates,1,5,20,77.1448400688748,False,-0.6395944609633002,-1.1113119735805363,,,
shuffled_rates,1,29,1,14.134725141734695,True,-0.3707056126989832,-3.372802883176567,0.8800399866711096,0.5691738407799569,-0.014725141734693636
shuffled_rates,1,29,2,21.022039638771556,True,0.4643747346145739,-3.2909684801004393,0.8683772075974675,-0.49580372506874326,0.017960361228443134
shuffled_rates,1,29,3,25.01085758014569,True,0.1803298481661252,-3.965834560325083,0.9420193268910363,-0.4507182852237648,0.08914241985431204
shuffled_rates,1,29,4,30.424876125859512,True,0.42954183494573756,-3.5091017936588202,0.8940353215594802,-0.38539873558179494,0.13512387414048987
shuffled_rates,1,29,5,32.93506158773919,True,-0.039481403911657845,-3.8131149321104214,0.9286904365211596,0.5255739449720522,-0.07506158773919225
shuffled_rates,1,29,6,37.586178158825675,True,-0.0647348389642777,-1.4661697754961396,0.49183605464845054,-0.21093203668277738,0.2538218411743287
shuffled_rates,1,29,7,40.9187190121475,True,-0.5014980451301009,-1.359831778147338,0.4548483838720426,0.7026288274013055,-0.27871901214749784
shuffled_rates,1,29,8,43.327073280915,True,0.6725985172227847,-3.2149578527149725,0.8573808730423192,-0.21055657483842793,0.17292671908499813
shuffled_rates,1,29,9,48.00515088116716,True,-0.3779293213862788,-2.3855092966297695,0.7204265244918361,0.2226875168936857,-0.3451508811671573
shuffled_rates,1,29,10,49.7738324776723,True,-0.6334881324069056,-3.001680872945399,0.8180606464511829,0.470697375469328,-0.1538324776722959
shuffled_rates,1,29,11,52.970321477714464,True,-0.1807766370239851,-2.7661486773257393,0.7794068643785405,-0.5893153011701671,-0.1703214777144595
shuffled_rates,1,29,12,56.44624769706339,True,1.1154382782274896,-1.6791508757324989,0.5648117294235255,-0.195974419679402,0.43375230293661104
shuffled_rates,1,29,13,59.34704400260235,True,0.2258473535832621,-2.664990733030478,0.7627457514161946,0.21438049633696465,-0.16704400260235275
shuffled_rates,1,29,14,60.83177852460981,False,-1.3977127446379765,-3.3616087275563644,,,
shuffled_rates,1,29,15,65.1125440480816,False,0.06677831306569032,-1.879777320790458,,,
shuffled_rates,1,29,16,67.07981052949417,False,0.3230394789768879,-1.0796446365937642,,,
shuffled_rates,1,29,17,69.54640171117398,False,-0.40100949065151864,-4.0564305905552756,,,
shuffled_rates,1,29,18,72.0671576744819,False,-0.1158580573134914,-2.986453022243597,,,
shuffled_rates,1,29,19,75.70469069908393,False,0.31817581137361733,-1.4778088736806347,,,
shuffled_rates,1,29,20,77.1448400688748,False,-0.9481361602525041,-2.673573662915219,,,
shuffled_rates,1,101,1,14.134725141734695,True,-0.11839864126362538,-5.041922374001083,0.8077307564145285,0.17696686201392176,0.005274858265305937
shuffled_rates,1,101,2,21.022039638771556,True,0.4463799637527527,-2.070954230090922,0.39453515494835056,-0.4051958674241618,0.21796036122844598
shuffled_rates,1,101,3,25.01085758014569,True,0.2145636915689937,-3.081327571581982,0.5714761746084639,-0.3955430642939177,-0.1908575801456891
shuffled_rates,1,101,4,30.424876125859512,True,1.0725976044732626,-5.9225799425913195,0.8597134288570476,-0.14710300137188526,0.09512387414048717
shuffled_rates,1,101,5,32.93506158773919,True,-0.4172801741111464,-1.1844788854116284,0.23858713762079306,0.03200375321760873,-0.07506158773919225
shuffled_rates,1,101,6,37.586178158825675,True,0.6543719612216955,-7.318548416187331,0.9090303232255915,-0.1437090952731097,0.073821841174329
shuffled_rates,1,101,7,40.9187190121475,True,-0.26541768462655035,-1.5063287782027746,0.29790069976674444,-0.5665425544415186,0.1612809878524999
shuffled_rates,1,101,8,43.327073280915,True,-0.1917552851346387,-3.003191111460577,0.5564811729423526,-0.11392290470911348,-0.00707328091500159
shuffled_rates,1,101,9,48.00515088116716,True,0.8162314245391207,-6.813897935632724,0.8903698767077641,-0.3289757621176008,0.014849118832842123
shuffled_rates,1,101,10,49.7738324776723,True,-0.74845071197728,-2.308732778881862,0.44018660446517827,0.36947429391802444,0.16616752232769727
shuffled_rates,1,101,11,52.970321477714464,True,-0.49996793792201966,-2.346846555863748,0.4478507164278574,0.064083506737596,-0.15032147771446347
shuffled_rates,1,101,12,56.44624769706339,True,0.581829832444967,-8.158141855271218,0.9330223258913696,-0.2869081530713018,-0.006247697063393787
shuffled_rates,1,101,13,59.34704400260235,True,0.4652486190964269,-6.885852584586647,0.8927024325224925,-0.2781085435259172,0.07295599739764924
shuffled_rates,1,101,14,60.83177852460981,False,0.3906395154185963,-5.67236174074871,,,
shuffled_rates,1,101,15,65.1125440480816,False,-0.017632684922975345,-4.587771926908598,,,
shuffled_rates,1,101,16,67.07981052949417,False,-0.3777870757727287,-5.033861413519527,,,
shuffled_rates,1,101,17,69.54640171117398,False,0.27185652768743135,-0.07570614213667343,,,
shuffled_rates,1,101,18,72.0671576744819,False,0.7190500729586445,-0.43529780959353065,,,
shuffled_rates,1,101,19,75.70469069908393,False,-0.510224741186933,-6.4610320726871935,,,
shuffled_rates,1,101,20,77.1448400688748,False,0.33432128214130796,-6.588388442499118,,,
raised_cosine,0,5,1,14.134725141734695,True,-0.07813065030767427,-0.32512303734467046,0.8280573142285905,-2.1949168946630326,-0.014725141734693636
raised_cosine,0,5,2,21.022039638771556,True,0.1663327062834867,-0.29420060877760457,0.6297900699766744,1.3751352548848743,-0.20203963877155573
raised_cosine,0,5,3,25.01085758014569,True,-0.31631557853956027,-0.2775614539418496,0.5571476174608464,1.3499688208282308,-0.2508575801456878
raised_cosine,0,5,4,30.424876125859512,True,0.37831602977818396,-0.29951088159103084,0.6567810729756748,-1.2663543113357534,1.0951238741404872
raised_cosine,0,5,5,32.93506158773919,True,-0.40973890556581016,-0.2706614068489943,0.5308230589803399,0.860301658975331,1.3849384122608086
raised_cosine,0,5,6,37.586178158825675,True,0.4520151197959621,-0.18696077526301347,0.3182272575808064,-0.5034228254107944,0.7938218411743279
raised_cosine,0,5,7,40.9187190121475,True,0.18865929760005806,-0.19211528555170854,0.32722425858047316,-0.4046314514654128,-0.8787190121474993
raised_cosine,0,5,8,43.327073280915,True,-0.5013526608817226,-0.2713286899157792,0.5328223925358214,1.08000882873462,-1.0270732809149976
raised_cosine,0,5,9,48.00515088116716,True,0.41978873981195564,-0.30048493696563927,0.6617794068643785,-1.4603112759384658,0.9348491188328367
raised_cosine,0,5,10,49.7738324776723,True,-0.13713845184264564,-0.30189922359487026,0.6674441852715761,1.2108229936345225,-0.8338324776723027
raised_cosine,0,5,11,52.970321477714464,True,-0.32913978651211706,-0.16897910196387372,0.27957347550816397,0.5783303744881039,-0.23032147771446176
raised_cosine,0,5,12,56.44624769706339,True,0.2230042337480498,-0.09698922351928507,0.1509496834388537,0.21311225708806347,-0.48624769706339066
raised_cosine,0,5,13,59.34704400260235,True,0.016129431727509344,-0.3182604802312785,0.7680773075641453,-1.6647810733772914,0.41295599739764555
raised_cosine,0,5,14,60.83177852460981,False,-0.4524218742454216,-0.29457062593160316,,,
raised_cosine,0,5,15,65.1125440480816,False,0.5723511927977073,-0.2361577279769176,,,
raised_cosine,0,5,16,67.07981052949417,False,0.00018480796546746503,-0.28859632515168954,,,
raised_cosine,0,5,17,69.54640171117398,False,-0.07452440331308804,-0.18739992104616396,,,
raised_cosine,0,5,18,72.0671576744819,False,-0.46299386883134636,0.37476196662481687,,,
raised_cosine,0,5,19,75.70469069908393,False,0.4365375639690875,-0.2660544409046753,,,
raised_cosine,0,5,20,77.1448400688748,False,-0.008854281388042133,-0.3267457975541893,,,
raised_cosine,0,29,1,14.134725141734695,True,-0.1573077501499053,-2.132411306285882,0.9726757747417527,-0.8808307093681051,-0.07472514173469413
raised_cosine,0,29,2,21.022039638771556,True,0.1954318920310977,-1.2779246452868696,0.7254248583805398,1.058536068279615,0.3979603612284457
raised_cosine,0,29,3,25.01085758014569,True,-0.34496980693222457,-1.8492048501881537,0.9266911029656781,0.791431631167427,0.04914241985431289
raised_cosine,0,29,4,30.424876125859512,True,0.39504602366310815,-1.9479373012015504,0.9483505498167277,0.6230594099249096,-0.06487612585951297
raised_cosine,0,29,5,32.93506158773919,True,-0.49362577927858875,-1.7848321679738295,0.9096967677440853,-0.7014270123493134,0.024938412260809173
raised_cosine,0,29,6,37.586178158825675,True,0.35282340787996214,-1.663669375596978,0.8777074308563813,-0.7266507498543362,-0.0861781588256747
raised_cosine,0,29,7,40.9187190121475,True,0.19641386753232676,-1.841932935041799,0.9250249916694435,0.662415541477948,0.021280987852499322
raised_cosine,0,29,8,43.327073280915,True,-0.5001569448609574,-1.4235795184021522,0.7927357547484172,0.8468030092810039,0.19292671908500125
raised_cosine,0,29,9,48.00515088116716,True,0.7901796167082832,-1.4612669088491257,0.8080639786737754,-0.7522888612147796,-0.18515088116716072
raised_cosine,0,29,10,49.7738324776723,True,-0.4983146684415612,-1.0728351492387223,0.6107964011996001,0.8589501312603574,-0.25383247767229733
raised_cosine,0,29,11,52.970321477714464,True,-0.26056294613751496,-1.4146598856658636,0.7900699766744419,-0.9159003434902218,-0.0903214777144612
raised_cosine,0,29,12,56.44624769706339,True,0.23626379677731227,-1.1780354438161553,0.6707764078640454,0.6528271079797676,0.11375230293661076
raised_cosine,0,29,13,59.34704400260235,True,0.6092981040495639,-1.594249065954728,0.8520493168943686,-0.5465207563331234,0.052955997397646115
raised_cosine,0,29,14,60.83177852460981,False,-1.202506121063341,-1.2370694259171608,,,
raised_cosine,0,29,15,65.1125440480816,False,0.8054134471310113,-1.2709823503310027,,,
raised_cosine,0,29,16,67.07981052949417,False,-0.014798639667934476,-1.620305218801903,,,
raised_cosine,0,29,17,69.54640171117398,False,-0.2669095593887531,-1.7852943970512711,,,
raised_cosine,0,29,18,72.0671576744819,False,-0.4895726676967747,-1.2385784399966453,,,
raised_cosine,0,29,19,75.70469069908393,False,0.9575965386062504,-0.6634764364197343,,,
raised_cosine,0,29,20,77.1448400688748,False,-0.6509729809690655,-1.113721729169808,,,
raised_cosine,0,101,1,14.134725141734695,True,-0.19641353231589603,-3.2500696403168514,0.975674775074975,0.6770714743695514,0.045274858265305085
raised_cosine,0,101,2,21.022039638771556,True,0.24125001738376156,-2.507809059599175,0.8937020993002333,0.7785892477495224,0.07796036122844541
raised_cosine,0,101,3,25.01085758014569,True,-0.31213910544632134,-3.437743954573596,0.9826724425191603,-0.5817160440603324,-0.010857580145689383
raised_cosine,0,101,4,30.424876125859512,True,0.6275134903515176,-3.185053326223827,0.971676107964012,0.6366045095506827,0.0751238741404876
raised_cosine,0,101,5,32.93506158773919,True,-0.6524167268716264,-2.5729197885121415,0.9023658780406532,-0.6778845035924732,-0.17506158773919367
raised_cosine,0,101,6,37.586178158825675,True,0.27198440776622346,-2.732810659050779,0.9253582139286904,0.6195568288513584,0.013821841174326721
raised_cosine,0,101,7,40.9187190121475,True,0.3081872294149381,-2.904174011995632,0.9520159946684439,-0.576341029474662,0.061280987852505575
raised_cosine,0,101,8,43.327073280915,True,-0.6066251098275551,-2.810094127641376,0.9390203265578141,0.5944592100312036,0.0729267190849967
raised_cosine,0,101,9,48.00515088116716,True,0.7181179012102616,-3.0867921691007347,0.9653448850383206,0.5010296620243366,-0.06515088116716328
raised_cosine,0,101,10,49.7738324776723,True,-0.4880489195023042,-2.812255827407925,0.9390203265578141,-0.5543067160928885,-0.05383247767230159
raised_cosine,0,101,11,52.970321477714464,True,-0.31224095912623945,-2.860094821857781,0.9490169943352216,-0.5381820424931405,-0.0903214777144612
raised_cosine,0,101,12,56.44624769706339,True,0.36935532911278524,-2.4582587773088735,0.886704431856048,-0.6598175920344289,0.01375230293660934
raised_cosine,0,101,13,59.34704400260235,True,0.36859401143966375,-2.7975910991317825,0.9356881039653449,0.48520136327591956,-0.0470440026023482
raised_cosine,0,101,14,60.83177852460981,False,-1.043620763172887,-2.644567786572015,,,
raised_cosine,0,101,15,65.1125440480816,False,0.7232799968186518,-2.580316017826562,,,
raised_cosine,0,101,16,67.07981052949417,False,0.0020046285136395667,-2.8840245295384146,,,
raised_cosine,0,101,17,69.54640171117398,False,-0.26231600156758755,-2.1631418201172354,,,
raised_cosine,0,101,18,72.0671576744819,False,-0.4571149383468593,-2.4171678662608547,,,
raised_cosine,0,101,19,75.70469069908393,False,0.8327201656741117,-2.2080421753094415,,,
raised_cosine,0,101,20,77.1448400688748,False,-0.28826523039697516,-2.4902214419540702,,,
